ctime,schemaname,relname,seq_scan,seq_tup_read,idx_scan,idx_tup_fetch,n_tup_ins,n_tup_upd,n_tup_del,n_tup_hot_upd,n_live_tup,n_dead_tup,heap_blks_read,heap_blks_hit,idx_blks_read,idx_blks_hit,toast_blks_read,toast_blks_hit,tidx_blks_read,tidx_blks_hit
1415769400.92411,pg_catalog,pg_attrdef,0,0,0,0,0,0,0,0,0,0,0,0,0,0,0,0,0,0
1415769400.92411,pg_catalog,pg_db_role_setting,0,0,8,0,0,0,0,0,0,0,0,0,1,7,0,0,0,0
1415769400.92411,pg_catalog,pg_rowsecurity,0,0,0,0,0,0,0,0,0,0,0,0,0,0,,,,
1415769400.92411,pg_catalog,pg_description,0,0,65,0,0,0,0,0,0,0,0,0,3,137,0,0,0,0
1415769400.92411,pg_catalog,pg_foreign_data_wrapper,0,0,0,0,0,0,0,0,0,0,0,0,0,0,,,,
1415769400.92411,pg_catalog,pg_conversion,0,0,0,0,0,0,0,0,0,0,0,0,0,0,,,,
1415769400.92411,information_schema,sql_features,0,0,,,0,0,0,0,0,0,0,0,,,0,0,0,0
1415769400.92411,pg_catalog,pg_class,24,644,737,666,12,0,38,0,12,38,16,842,21,1614,,,,
1415769400.92411,pg_catalog,pg_opfamily,0,0,0,0,0,0,0,0,0,0,0,0,0,0,,,,
1415769400.92411,pg_catalog,pg_auth_members,0,0,0,0,0,0,0,0,0,0,0,0,0,0,,,,
1415769400.92411,pg_catalog,pg_operator,0,0,24,51,0,0,0,0,0,0,14,30,13,44,,,,
1415769400.92411,information_schema,sql_packages,0,0,,,0,0,0,0,0,0,0,0,,,0,0,0,0
1415769400.92411,pg_catalog,pg_attribute,22,150,732,2453,136,2,178,2,136,180,59,1427,17,2052,,,,
1415769400.92411,pg_catalog,pg_tablespace,0,0,1,1,0,0,0,0,0,0,1,0,2,0,,,,
1415769400.92411,pg_catalog,pg_statistic,0,0,41,83,7,0,66,0,7,65,24,108,7,105,71,281,5,129
1415769400.92411,pg_catalog,pg_aggregate,0,0,0,0,0,0,0,0,0,0,0,0,0,0,,,,
1415769400.92411,pg_catalog,pg_inherits,0,0,10,0,0,0,0,0,0,0,0,0,1,9,,,,
1415769400.92411,information_schema,sql_sizing,0,0,,,0,0,0,0,0,0,0,0,,,0,0,0,0
1415769400.92411,pg_catalog,pg_enum,0,0,0,0,0,0,0,0,0,0,0,0,0,0,,,,
1415769400.92411,pg_toast,pg_toast_2396,0,0,0,0,0,0,0,0,0,0,0,0,0,0,,,,
1415769400.92411,pg_catalog,pg_pltemplate,0,0,0,0,0,0,0,0,0,0,0,0,0,0,,,,
1415769400.92411,public,region,2,10,0,0,5,0,0,0,5,0,1,3,0,0,,,,
1415769400.92411,pg_toast,pg_toast_2618,0,0,3,8,0,0,0,0,0,0,4,1,2,4,,,,
1415769400.92411,pg_toast,pg_toast_3596,0,0,0,0,0,0,0,0,0,0,0,0,0,0,,,,
1415769400.92411,public,supplier,0,0,,,0,0,0,0,0,0,0,0,,,,,,
1415769400.92411,public,nation,2,50,0,0,25,0,0,0,25,0,1,3,0,0,,,,
1415769400.92411,pg_toast,pg_toast_11747,0,0,0,0,0,0,0,0,0,0,0,0,0,0,,,,
1415769400.92411,pg_toast,pg_toast_11727,0,0,0,0,0,0,0,0,0,0,0,0,0,0,,,,
1415769400.92411,pg_toast,pg_toast_2606,0,0,0,0,0,0,0,0,0,0,0,0,0,0,,,,
1415769400.92411,pg_toast,pg_toast_2964,0,0,0,0,0,0,0,0,0,0,0,0,0,0,,,,
1415769400.92411,pg_catalog,pg_database,2,2,4,4,0,0,0,0,0,0,0,6,4,3,,,,
1415769400.92411,information_schema,sql_parts,0,0,,,0,0,0,0,0,0,0,0,,,0,0,0,0
1415769400.92411,pg_toast,pg_toast_2620,0,0,0,0,0,0,0,0,0,0,0,0,0,0,,,,
1415769400.92411,pg_toast,pg_toast_11737,0,0,0,0,0,0,0,0,0,0,0,0,0,0,,,,
1415769400.92411,pg_catalog,pg_depend,0,0,389,432,33,0,90,0,33,90,16,655,19,943,,,,
1415769400.92411,pg_catalog,pg_language,0,0,0,0,0,0,0,0,0,0,0,0,0,0,,,,
1415769400.92411,information_schema,sql_implementation_info,0,0,,,0,0,0,0,0,0,0,0,,,0,0,0,0
1415769400.92411,pg_catalog,pg_amproc,4,8,114,202,0,0,0,0,0,0,6,118,6,266,,,,
1415769400.92411,pg_catalog,pg_collation,0,0,0,0,0,0,0,0,0,0,0,0,0,0,,,,
1415769400.92411,pg_catalog,pg_range,0,0,0,0,0,0,0,0,0,0,0,0,0,0,,,,
1415769400.92411,pg_toast,pg_toast_2609,0,0,0,0,0,0,0,0,0,0,0,0,0,0,,,,
1415769400.92411,pg_catalog,pg_opclass,4,4,125,674,0,0,0,0,0,0,4,289,6,169,,,,
1415769400.92411,pg_toast,pg_toast_11752,0,0,0,0,0,0,0,0,0,0,0,0,0,0,,,,
1415769400.92411,pg_catalog,pg_rewrite,0,0,3,3,0,0,0,0,0,0,1,2,2,4,4,1,4,8
1415769400.92411,pg_toast,pg_toast_1255,0,0,0,0,0,0,0,0,0,0,0,0,0,0,,,,
1415769400.92411,pg_catalog,pg_seclabel,0,0,65,0,0,0,0,0,0,0,0,0,1,64,0,0,0,0
1415769400.92411,information_schema,sql_languages,0,0,,,0,0,0,0,0,0,0,0,,,0,0,0,0
1415769400.92411,pg_catalog,pg_ts_parser,0,0,0,0,0,0,0,0,0,0,0,0,0,0,,,,
1415769400.92411,public,customer,0,0,,,0,0,0,0,0,0,0,0,,,,,,
1415769400.92411,pg_catalog,pg_trigger,0,0,0,0,0,0,0,0,0,0,0,0,0,0,0,0,0,0
1415769400.92411,pg_catalog,pg_shseclabel,0,0,0,0,0,0,0,0,0,0,0,0,0,0,,,,
1415769400.92411,pg_catalog,pg_event_trigger,0,0,22,0,0,0,0,0,0,0,0,0,1,21,,,,
1415769400.92411,pg_toast,pg_toast_11742,0,0,0,0,0,0,0,0,0,0,0,0,0,0,,,,
1415769400.92411,pg_catalog,pg_foreign_table,0,0,0,0,0,0,0,0,0,0,0,0,0,0,,,,
1415769400.92411,information_schema,sql_sizing_profiles,0,0,,,0,0,0,0,0,0,0,0,,,0,0,0,0
1415769400.92411,pg_catalog,pg_extension,0,0,0,0,0,0,0,0,0,0,0,0,0,0,,,,
1415769400.92411,pg_catalog,pg_ts_config,0,0,0,0,0,0,0,0,0,0,0,0,0,0,,,,
1415769400.92411,pg_catalog,pg_shdescription,0,0,0,0,0,0,0,0,0,0,0,0,0,0,0,0,0,0
1415769400.92411,public,part,0,0,,,0,0,0,0,0,0,0,0,,,,,,
1415769400.92411,pg_catalog,pg_cast,0,0,217,56,0,0,0,0,0,0,3,53,4,222,,,,
1415769400.92411,pg_catalog,pg_amop,0,0,53,63,0,0,0,0,0,0,3,60,6,110,,,,
1415769400.92411,pg_catalog,pg_user_mapping,0,0,0,0,0,0,0,0,0,0,0,0,0,0,,,,
1415769400.92411,pg_catalog,pg_type,0,0,218,168,19,0,19,0,19,19,11,244,12,554,,,,
1415769400.92411,pg_catalog,pg_largeobject,0,0,0,0,0,0,0,0,0,0,0,0,0,0,,,,
1415769400.92411,public,lineitem,0,0,,,0,0,0,0,0,0,0,0,,,,,,
1415769400.92411,pg_catalog,pg_ts_config_map,0,0,0,0,0,0,0,0,0,0,0,0,0,0,,,,
1415769400.92411,pg_catalog,pg_largeobject_metadata,0,0,0,0,0,0,0,0,0,0,0,0,0,0,,,,
1415769400.92411,pg_catalog,pg_am,46,46,0,0,0,0,0,0,0,0,2,44,0,0,,,,
1415769400.92411,pg_toast,pg_toast_11722,0,0,0,0,0,0,0,0,0,0,0,0,0,0,,,,
1415769400.92411,pg_catalog,pg_ts_template,0,0,0,0,0,0,0,0,0,0,0,0,0,0,,,,
1415769400.92411,pg_catalog,pg_foreign_server,0,0,0,0,0,0,0,0,0,0,0,0,0,0,,,,
1415769400.92411,pg_catalog,pg_namespace,2,96,86,54,0,0,0,0,0,0,1,55,5,125,,,,
1415769400.92411,pg_toast,pg_toast_2619,0,0,62,253,0,0,244,0,0,244,71,281,5,129,,,,
1415769400.92411,public,partsupp,0,0,,,0,0,0,0,0,0,0,0,,,,,,
1415769400.92411,pg_catalog,pg_authid,2,2,2,2,0,0,0,0,0,0,1,3,4,0,,,,
1415769400.92411,pg_catalog,pg_default_acl,0,0,40,0,0,0,0,0,0,0,0,0,1,39,,,,
1415769400.92411,public,time_statistics,0,0,,,1,0,0,0,1,0,1,0,,,,,,
1415769400.92411,pg_catalog,pg_shdepend,0,0,0,0,0,0,0,0,0,0,0,0,0,0,,,,
1415769400.92411,pg_catalog,pg_constraint,0,0,10,8,2,0,8,0,2,8,4,20,8,26,0,0,0,0
1415769400.92411,pg_catalog,pg_index,14,14,413,481,2,0,28,0,2,28,13,459,6,480,,,,
1415769400.92411,pg_catalog,pg_ts_dict,0,0,0,0,0,0,0,0,0,0,0,0,0,0,,,,
1415769400.92411,pg_toast,pg_toast_2604,0,0,0,0,0,0,0,0,0,0,0,0,0,0,,,,
1415769400.92411,public,orders,0,0,,,0,0,0,0,0,0,0,0,,,,,,
1415769400.92411,pg_toast,pg_toast_11732,0,0,0,0,0,0,0,0,0,0,0,0,0,0,,,,
1415769400.92411,pg_catalog,pg_proc,0,0,28,42,0,0,0,0,0,0,19,17,22,46,0,0,0,0
1415769460.92563,pg_catalog,pg_attrdef,0,0,0,0,0,0,0,0,0,0,0,0,0,0,0,0,0,0
1415769460.92563,pg_catalog,pg_db_role_setting,0,0,268,0,0,0,0,0,0,0,0,0,2,266,0,0,0,0
1415769460.92563,pg_catalog,pg_rowsecurity,0,0,0,0,0,0,0,0,0,0,0,0,0,0,,,,
1415769460.92563,pg_catalog,pg_description,0,0,65,0,0,0,0,0,0,0,0,0,3,137,0,0,0,0
1415769460.92563,pg_catalog,pg_foreign_data_wrapper,0,0,0,0,0,0,0,0,0,0,0,0,0,0,,,,
1415769460.92563,pg_catalog,pg_conversion,0,0,0,0,0,0,0,0,0,0,0,0,0,0,,,,
1415769460.92563,information_schema,sql_features,0,0,,,0,0,0,0,0,0,0,0,,,0,0,0,0
1415769460.92563,pg_catalog,pg_class,56,3521,1579,1455,27,0,38,0,27,36,17,1915,21,3460,,,,
1415769460.92563,pg_catalog,pg_opfamily,0,0,0,0,0,0,0,0,0,0,0,0,0,0,,,,
1415769460.92563,pg_catalog,pg_auth_members,0,0,0,0,0,0,0,0,0,0,0,0,0,0,,,,
1415769460.92563,pg_catalog,pg_operator,0,0,70,153,0,0,0,0,0,0,25,102,14,152,,,,
1415769460.92563,information_schema,sql_packages,0,0,,,0,0,0,0,0,0,0,0,,,0,0,0,0
1415769460.92563,pg_catalog,pg_attribute,44,300,1374,4245,159,7,178,7,2495,295,78,2531,17,3471,,,,
1415769460.92563,pg_catalog,pg_tablespace,0,0,8,8,0,0,0,0,0,0,2,6,5,13,,,,
1415769460.92563,pg_catalog,pg_statistic,0,0,114,121,38,21,66,21,38,68,26,219,7,322,103,861,10,549
1415769460.92563,pg_catalog,pg_aggregate,0,0,1,1,0,0,0,0,0,0,1,0,2,0,,,,
1415769460.92563,pg_catalog,pg_inherits,0,0,10,0,0,0,0,0,0,0,0,0,1,9,,,,
1415769460.92563,information_schema,sql_sizing,0,0,,,0,0,0,0,0,0,0,0,,,0,0,0,0
1415769460.92563,pg_catalog,pg_enum,0,0,0,0,0,0,0,0,0,0,0,0,0,0,,,,
1415769460.92563,pg_toast,pg_toast_2396,0,0,0,0,0,0,0,0,0,0,0,0,0,0,,,,
1415769460.92563,pg_catalog,pg_pltemplate,0,0,0,0,0,0,0,0,0,0,0,0,0,0,,,,
1415769460.92563,public,region,2,10,0,0,5,0,0,0,5,0,1,3,0,0,,,,
1415769460.92563,pg_toast,pg_toast_2618,0,0,7,22,0,0,0,0,0,0,8,2,2,10,,,,
1415769460.92563,pg_toast,pg_toast_3596,0,0,0,0,0,0,0,0,0,0,0,0,0,0,,,,
1415769460.92563,public,supplier,4,400000,0,0,100000,0,0,0,100000,0,2312,15648,0,0,,,,
1415769460.92563,public,nation,2,50,0,0,25,0,0,0,25,0,1,3,0,0,,,,
1415769460.92563,pg_toast,pg_toast_11747,0,0,0,0,0,0,0,0,0,0,0,0,0,0,,,,
1415769460.92563,pg_toast,pg_toast_11727,0,0,0,0,0,0,0,0,0,0,0,0,0,0,,,,
1415769460.92563,pg_toast,pg_toast_2606,0,0,0,0,0,0,0,0,0,0,0,0,0,0,,,,
1415769460.92563,pg_toast,pg_toast_2964,0,0,0,0,0,0,0,0,0,0,0,0,0,0,,,,
1415769460.92563,pg_catalog,pg_database,6,12,210,210,0,0,0,0,0,0,0,216,8,334,,,,
1415769460.92563,information_schema,sql_parts,0,0,,,0,0,0,0,0,0,0,0,,,0,0,0,0
1415769460.92563,pg_toast,pg_toast_2620,0,0,0,0,0,0,0,0,0,0,0,0,0,0,,,,
1415769460.92563,pg_toast,pg_toast_11737,0,0,0,0,0,0,0,0,0,0,0,0,0,0,,,,
1415769460.92563,pg_catalog,pg_depend,0,0,453,492,63,0,90,0,63,90,21,788,23,1217,,,,
1415769460.92563,pg_catalog,pg_language,0,0,0,0,0,0,0,0,0,0,0,0,0,0,,,,
1415769460.92563,information_schema,sql_implementation_info,0,0,,,0,0,0,0,0,0,0,0,,,0,0,0,0
1415769460.92563,pg_catalog,pg_amproc,8,16,220,361,0,0,0,0,0,0,6,230,6,503,,,,
1415769460.92563,pg_catalog,pg_collation,0,0,0,0,0,0,0,0,0,0,0,0,0,0,,,,
1415769460.92563,pg_catalog,pg_range,0,0,0,0,0,0,0,0,0,0,0,0,0,0,,,,
1415769460.92563,pg_toast,pg_toast_2609,0,0,0,0,0,0,0,0,0,0,0,0,0,0,,,,
1415769460.92563,pg_catalog,pg_opclass,8,8,298,3240,0,0,0,0,0,0,4,1150,6,390,,,,
1415769460.92563,pg_toast,pg_toast_11752,0,0,0,0,0,0,0,0,0,0,0,0,0,0,,,,
1415769460.92563,pg_catalog,pg_rewrite,0,0,9,9,0,0,0,0,0,0,5,4,2,14,8,2,4,20
1415769460.92563,pg_toast,pg_toast_1255,0,0,0,0,0,0,0,0,0,0,0,0,0,0,,,,
1415769460.92563,pg_catalog,pg_seclabel,0,0,65,0,0,0,0,0,0,0,0,0,1,64,0,0,0,0
1415769460.92563,information_schema,sql_languages,0,0,,,0,0,0,0,0,0,0,0,,,0,0,0,0
1415769460.92563,pg_catalog,pg_ts_parser,0,0,0,0,0,0,0,0,0,0,0,0,0,0,,,,
1415769460.92563,public,customer,6,9000000,0,0,1500000,0,0,0,1500000,0,68533,294857,0,0,,,,
1415769460.92563,pg_catalog,pg_trigger,0,0,0,0,0,0,0,0,0,0,0,0,0,0,0,0,0,0
1415769460.92563,pg_catalog,pg_shseclabel,0,0,0,0,0,0,0,0,0,0,0,0,0,0,,,,
1415769460.92563,pg_catalog,pg_event_trigger,0,0,37,0,0,0,0,0,0,0,0,0,1,36,,,,
1415769460.92563,pg_toast,pg_toast_11742,0,0,0,0,0,0,0,0,0,0,0,0,0,0,,,,
1415769460.92563,pg_catalog,pg_foreign_table,0,0,0,0,0,0,0,0,0,0,0,0,0,0,,,,
1415769460.92563,information_schema,sql_sizing_profiles,0,0,,,0,0,0,0,0,0,0,0,,,0,0,0,0
1415769460.92563,pg_catalog,pg_extension,0,0,0,0,0,0,0,0,0,0,0,0,0,0,,,,
1415769460.92563,pg_catalog,pg_ts_config,0,0,0,0,0,0,0,0,0,0,0,0,0,0,,,,
1415769460.92563,pg_catalog,pg_shdescription,0,0,0,0,0,0,0,0,0,0,0,0,0,0,0,0,0,0
1415769460.92563,public,part,6,12000000,0,0,2000000,0,0,0,2000000,0,79007,327715,0,0,,,,
1415769460.92563,pg_catalog,pg_cast,0,0,1123,252,0,0,0,0,0,0,3,249,4,1152,,,,
1415769460.92563,pg_catalog,pg_amop,0,0,171,191,0,0,0,0,0,0,4,187,7,361,,,,
1415769460.92563,pg_catalog,pg_user_mapping,0,0,0,0,0,0,0,0,0,0,0,0,0,0,,,,
1415769460.92563,pg_catalog,pg_type,0,0,413,363,19,0,19,0,19,19,12,438,12,974,,,,
1415769460.92563,pg_catalog,pg_largeobject,0,0,0,0,0,0,0,0,0,0,0,0,0,0,,,,
1415769460.92563,public,lineitem,0,0,,,0,0,0,0,0,0,0,0,,,,,,
1415769460.92563,pg_catalog,pg_ts_config_map,0,0,0,0,0,0,0,0,0,0,0,0,0,0,,,,
1415769460.92563,pg_catalog,pg_largeobject_metadata,0,0,0,0,0,0,0,0,0,0,0,0,0,0,,,,
1415769460.92563,pg_catalog,pg_am,86,86,0,0,0,0,0,0,0,0,2,84,0,0,,,,
1415769460.92563,pg_toast,pg_toast_11722,0,0,0,0,0,0,0,0,0,0,0,0,0,0,,,,
1415769460.92563,pg_catalog,pg_ts_template,0,0,0,0,0,0,0,0,0,0,0,0,0,0,,,,
1415769460.92563,pg_catalog,pg_foreign_server,0,0,0,0,0,0,0,0,0,0,0,0,0,0,,,,
1415769460.92563,pg_catalog,pg_namespace,4,192,264,205,0,0,0,0,0,0,1,208,5,333,,,,
1415769460.92563,pg_toast,pg_toast_2619,0,0,99,267,165,0,248,0,182,8,103,861,10,549,,,,
1415769460.92563,public,partsupp,3,24000000,0,0,8000000,0,0,0,8000000,0,340611,954509,0,0,,,,
1415769460.92563,pg_catalog,pg_authid,5,5,129,129,0,0,0,0,0,0,2,132,8,250,,,,
1415769460.92563,pg_catalog,pg_default_acl,0,0,40,0,0,0,0,0,0,0,0,0,1,39,,,,
1415769460.92563,public,time_statistics,0,0,,,1,0,0,0,1,0,1,0,,,,,,
1415769460.92563,pg_catalog,pg_shdepend,0,0,75,10,0,0,0,0,0,0,1,9,4,91,,,,
1415769460.92563,pg_catalog,pg_constraint,0,0,14,8,6,0,8,0,6,8,4,36,8,62,0,0,0,0
1415769460.92563,pg_catalog,pg_index,33,613,765,942,17,0,28,0,17,28,13,936,6,911,,,,
1415769460.92563,pg_catalog,pg_ts_dict,0,0,0,0,0,0,0,0,0,0,0,0,0,0,,,,
1415769460.92563,pg_toast,pg_toast_2604,0,0,0,0,0,0,0,0,0,0,0,0,0,0,,,,
1415769460.92563,public,orders,0,0,,,0,0,0,0,0,0,0,0,,,,,,
1415769460.92563,pg_toast,pg_toast_11732,0,0,0,0,0,0,0,0,0,0,0,0,0,0,,,,
1415769460.92563,pg_catalog,pg_proc,0,0,114,162,0,0,0,0,0,0,30,114,24,231,0,0,0,0
1415769520.92758,pg_catalog,pg_attrdef,0,0,0,0,0,0,0,0,0,0,0,0,0,0,0,0,0,0
1415769520.92758,pg_catalog,pg_db_role_setting,0,0,308,0,0,0,0,0,0,0,0,0,2,306,0,0,0,0
1415769520.92758,pg_catalog,pg_rowsecurity,0,0,0,0,0,0,0,0,0,0,0,0,0,0,,,,
1415769520.92758,pg_catalog,pg_description,0,0,65,0,0,0,0,0,0,0,0,0,3,137,0,0,0,0
1415769520.92758,pg_catalog,pg_foreign_data_wrapper,0,0,0,0,0,0,0,0,0,0,0,0,0,0,,,,
1415769520.92758,pg_catalog,pg_conversion,0,0,0,0,0,0,0,0,0,0,0,0,0,0,,,,
1415769520.92758,information_schema,sql_features,0,0,,,0,0,0,0,0,0,0,0,,,0,0,0,0
1415769520.92758,pg_catalog,pg_class,66,6472,1954,1823,29,0,38,0,29,36,17,2408,21,4246,,,,
1415769520.92758,pg_catalog,pg_opfamily,0,0,0,0,0,0,0,0,0,0,0,0,0,0,,,,
1415769520.92758,pg_catalog,pg_auth_members,0,0,0,0,0,0,0,0,0,0,0,0,0,0,,,,
1415769520.92758,pg_catalog,pg_operator,0,0,87,170,0,0,0,0,0,0,25,119,14,194,,,,
1415769520.92758,information_schema,sql_packages,0,0,,,0,0,0,0,0,0,0,0,,,0,0,0,0
1415769520.92758,pg_catalog,pg_attribute,44,300,1611,4695,162,8,178,8,2498,296,78,2790,17,3970,,,,
1415769520.92758,pg_catalog,pg_tablespace,0,0,13,13,0,0,0,0,0,0,2,11,5,23,,,,
1415769520.92758,pg_catalog,pg_statistic,0,0,139,140,38,21,66,21,38,61,26,238,7,377,103,864,10,558
1415769520.92758,pg_catalog,pg_aggregate,0,0,2,2,0,0,0,0,0,0,1,1,2,2,,,,
1415769520.92758,pg_catalog,pg_inherits,0,0,10,0,0,0,0,0,0,0,0,0,1,9,,,,
1415769520.92758,information_schema,sql_sizing,0,0,,,0,0,0,0,0,0,0,0,,,0,0,0,0
1415769520.92758,pg_catalog,pg_enum,0,0,0,0,0,0,0,0,0,0,0,0,0,0,,,,
1415769520.92758,pg_toast,pg_toast_2396,0,0,0,0,0,0,0,0,0,0,0,0,0,0,,,,
1415769520.92758,pg_catalog,pg_pltemplate,0,0,0,0,0,0,0,0,0,0,0,0,0,0,,,,
1415769520.92758,public,region,2,10,0,0,5,0,0,0,5,0,1,3,0,0,,,,
1415769520.92758,pg_toast,pg_toast_2618,0,0,12,38,0,0,0,0,0,0,8,8,2,18,,,,
1415769520.92758,pg_toast,pg_toast_3596,0,0,0,0,0,0,0,0,0,0,0,0,0,0,,,,
1415769520.92758,public,supplier,4,400000,0,0,100000,0,0,0,100000,0,2312,15648,0,0,,,,
1415769520.92758,public,nation,2,50,0,0,25,0,0,0,25,0,1,3,0,0,,,,
1415769520.92758,pg_toast,pg_toast_11747,0,0,0,0,0,0,0,0,0,0,0,0,0,0,,,,
1415769520.92758,pg_toast,pg_toast_11727,0,0,0,0,0,0,0,0,0,0,0,0,0,0,,,,
1415769520.92758,pg_toast,pg_toast_2606,0,0,0,0,0,0,0,0,0,0,0,0,0,0,,,,
1415769520.92758,pg_toast,pg_toast_2964,0,0,0,0,0,0,0,0,0,0,0,0,0,0,,,,
1415769520.92758,pg_catalog,pg_database,9,24,249,249,0,0,0,0,0,0,0,258,8,393,,,,
1415769520.92758,information_schema,sql_parts,0,0,,,0,0,0,0,0,0,0,0,,,0,0,0,0
1415769520.92758,pg_toast,pg_toast_2620,0,0,0,0,0,0,0,0,0,0,0,0,0,0,,,,
1415769520.92758,pg_toast,pg_toast_11737,0,0,0,0,0,0,0,0,0,0,0,0,0,0,,,,
1415769520.92758,pg_catalog,pg_depend,0,0,460,498,67,0,90,0,67,90,21,804,23,1251,,,,
1415769520.92758,pg_catalog,pg_language,0,0,0,0,0,0,0,0,0,0,0,0,0,0,,,,
1415769520.92758,information_schema,sql_implementation_info,0,0,,,0,0,0,0,0,0,0,0,,,0,0,0,0
1415769520.92758,pg_catalog,pg_amproc,8,16,244,402,0,0,0,0,0,0,6,254,6,560,,,,
1415769520.92758,pg_catalog,pg_collation,0,0,0,0,0,0,0,0,0,0,0,0,0,0,,,,
1415769520.92758,pg_catalog,pg_range,0,0,0,0,0,0,0,0,0,0,0,0,0,0,,,,
1415769520.92758,pg_toast,pg_toast_2609,0,0,0,0,0,0,0,0,0,0,0,0,0,0,,,,
1415769520.92758,pg_catalog,pg_opclass,8,8,329,3567,0,0,0,0,0,0,4,1269,6,435,,,,
1415769520.92758,pg_toast,pg_toast_11752,0,0,0,0,0,0,0,0,0,0,0,0,0,0,,,,
1415769520.92758,pg_catalog,pg_rewrite,0,0,16,16,0,0,0,0,0,0,5,11,2,26,8,8,4,36
1415769520.92758,pg_toast,pg_toast_1255,0,0,0,0,0,0,0,0,0,0,0,0,0,0,,,,
1415769520.92758,pg_catalog,pg_seclabel,0,0,65,0,0,0,0,0,0,0,0,0,1,64,0,0,0,0
1415769520.92758,information_schema,sql_languages,0,0,,,0,0,0,0,0,0,0,0,,,0,0,0,0
1415769520.92758,pg_catalog,pg_ts_parser,0,0,0,0,0,0,0,0,0,0,0,0,0,0,,,,
1415769520.92758,public,customer,6,9000000,0,0,1500000,0,0,0,1500000,0,68533,294857,0,0,,,,
1415769520.92758,pg_catalog,pg_trigger,0,0,0,0,0,0,0,0,0,0,0,0,0,0,0,0,0,0
1415769520.92758,pg_catalog,pg_shseclabel,0,0,0,0,0,0,0,0,0,0,0,0,0,0,,,,
1415769520.92758,pg_catalog,pg_event_trigger,0,0,39,0,0,0,0,0,0,0,0,0,1,38,,,,
1415769520.92758,pg_toast,pg_toast_11742,0,0,0,0,0,0,0,0,0,0,0,0,0,0,,,,
1415769520.92758,pg_catalog,pg_foreign_table,0,0,0,0,0,0,0,0,0,0,0,0,0,0,,,,
1415769520.92758,information_schema,sql_sizing_profiles,0,0,,,0,0,0,0,0,0,0,0,,,0,0,0,0
1415769520.92758,pg_catalog,pg_extension,0,0,0,0,0,0,0,0,0,0,0,0,0,0,,,,
1415769520.92758,pg_catalog,pg_ts_config,0,0,0,0,0,0,0,0,0,0,0,0,0,0,,,,
1415769520.92758,pg_catalog,pg_shdescription,0,0,0,0,0,0,0,0,0,0,0,0,0,0,0,0,0,0
1415769520.92758,public,part,6,12000000,0,0,2000000,0,0,0,2000000,0,79007,327715,0,0,,,,
1415769520.92758,pg_catalog,pg_cast,0,0,1225,294,0,0,0,0,0,0,3,291,4,1261,,,,
1415769520.92758,pg_catalog,pg_amop,0,0,204,232,0,0,0,0,0,0,4,228,7,435,,,,
1415769520.92758,pg_catalog,pg_user_mapping,0,0,0,0,0,0,0,0,0,0,0,0,0,0,,,,
1415769520.92758,pg_catalog,pg_type,0,0,513,463,19,0,19,0,19,19,12,538,12,1182,,,,
1415769520.92758,pg_catalog,pg_largeobject,0,0,0,0,0,0,0,0,0,0,0,0,0,0,,,,
1415769520.92758,public,lineitem,0,0,,,0,0,0,0,0,0,0,0,,,,,,
1415769520.92758,pg_catalog,pg_ts_config_map,0,0,0,0,0,0,0,0,0,0,0,0,0,0,,,,
1415769520.92758,pg_catalog,pg_largeobject_metadata,0,0,0,0,0,0,0,0,0,0,0,0,0,0,,,,
1415769520.92758,pg_catalog,pg_am,97,97,0,0,0,0,0,0,0,0,2,95,0,0,,,,
1415769520.92758,pg_toast,pg_toast_11722,0,0,0,0,0,0,0,0,0,0,0,0,0,0,,,,
1415769520.92758,pg_catalog,pg_ts_template,0,0,0,0,0,0,0,0,0,0,0,0,0,0,,,,
1415769520.92758,pg_catalog,pg_foreign_server,0,0,0,0,0,0,0,0,0,0,0,0,0,0,,,,
1415769520.92758,pg_catalog,pg_namespace,6,288,418,351,0,0,0,0,0,0,1,356,5,498,,,,
1415769520.92758,pg_toast,pg_toast_2619,0,0,102,273,165,0,248,0,182,8,103,864,10,558,,,,
1415769520.92758,public,partsupp,3,24000000,0,0,8000000,0,0,0,8000000,0,340611,954509,0,0,,,,
1415769520.92758,pg_catalog,pg_authid,6,6,145,145,0,0,0,0,0,0,2,149,8,282,,,,
1415769520.92758,pg_catalog,pg_default_acl,0,0,40,0,0,0,0,0,0,0,0,0,1,39,,,,
1415769520.92758,public,time_statistics,0,0,,,1,0,0,0,1,0,1,0,,,,,,
1415769520.92758,pg_catalog,pg_shdepend,0,0,75,10,0,0,0,0,0,0,1,9,4,91,,,,
1415769520.92758,pg_catalog,pg_constraint,0,0,15,8,7,0,8,0,7,8,4,40,8,71,0,0,0,0
1415769520.92758,pg_catalog,pg_index,38,1273,836,1039,19,0,28,0,19,28,13,1050,6,1002,,,,
1415769520.92758,pg_catalog,pg_ts_dict,0,0,0,0,0,0,0,0,0,0,0,0,0,0,,,,
1415769520.92758,pg_toast,pg_toast_2604,0,0,0,0,0,0,0,0,0,0,0,0,0,0,,,,
1415769520.92758,public,orders,3,45000000,0,0,15000000,0,0,0,15000000,0,504554,1052242,0,0,,,,
1415769520.92758,pg_toast,pg_toast_11732,0,0,0,0,0,0,0,0,0,0,0,0,0,0,,,,
1415769520.92758,pg_catalog,pg_proc,0,0,192,275,0,0,0,0,0,0,30,212,24,397,0,0,0,0
1415769580.93755,pg_catalog,pg_attrdef,0,0,0,0,0,0,0,0,0,0,0,0,0,0,0,0,0,0
1415769580.93755,pg_catalog,pg_db_role_setting,0,0,340,0,0,0,0,0,0,0,0,0,2,338,0,0,0,0
1415769580.93755,pg_catalog,pg_rowsecurity,0,0,0,0,0,0,0,0,0,0,0,0,0,0,,,,
1415769580.93755,pg_catalog,pg_description,0,0,65,0,0,0,0,0,0,0,0,0,3,137,0,0,0,0
1415769580.93755,pg_catalog,pg_foreign_data_wrapper,0,0,0,0,0,0,0,0,0,0,0,0,0,0,,,,
1415769580.93755,pg_catalog,pg_conversion,0,0,0,0,0,0,0,0,0,0,0,0,0,0,,,,
1415769580.93755,information_schema,sql_features,0,0,,,0,0,0,0,0,0,0,0,,,0,0,0,0
1415769580.93755,pg_catalog,pg_class,76,9444,2316,2181,30,0,38,0,30,36,17,2883,21,4995,,,,
1415769580.93755,pg_catalog,pg_opfamily,0,0,0,0,0,0,0,0,0,0,0,0,0,0,,,,
1415769580.93755,pg_catalog,pg_auth_members,0,0,0,0,0,0,0,0,0,0,0,0,0,0,,,,
1415769580.93755,pg_catalog,pg_operator,0,0,109,192,0,0,0,0,0,0,25,141,14,247,,,,
1415769580.93755,information_schema,sql_packages,0,0,,,0,0,0,0,0,0,0,0,,,0,0,0,0
1415769580.93755,pg_catalog,pg_attribute,44,300,1843,5100,164,8,178,8,2500,296,78,3035,21,4453,,,,
1415769580.93755,pg_catalog,pg_tablespace,0,0,18,18,0,0,0,0,0,0,2,16,5,33,,,,
1415769580.93755,pg_catalog,pg_statistic,0,0,173,159,47,21,66,21,47,61,26,271,7,469,103,931,10,662
1415769580.93755,pg_catalog,pg_aggregate,0,0,3,3,0,0,0,0,0,0,1,2,2,4,,,,
1415769580.93755,pg_catalog,pg_inherits,0,0,10,0,0,0,0,0,0,0,0,0,1,9,,,,
1415769580.93755,information_schema,sql_sizing,0,0,,,0,0,0,0,0,0,0,0,,,0,0,0,0
1415769580.93755,pg_catalog,pg_enum,0,0,0,0,0,0,0,0,0,0,0,0,0,0,,,,
1415769580.93755,pg_toast,pg_toast_2396,0,0,0,0,0,0,0,0,0,0,0,0,0,0,,,,
1415769580.93755,pg_catalog,pg_pltemplate,0,0,0,0,0,0,0,0,0,0,0,0,0,0,,,,
1415769580.93755,public,region,2,10,0,0,5,0,0,0,5,0,1,3,0,0,,,,
1415769580.93755,pg_toast,pg_toast_2618,0,0,17,54,0,0,0,0,0,0,8,14,2,26,,,,
1415769580.93755,pg_toast,pg_toast_3596,0,0,0,0,0,0,0,0,0,0,0,0,0,0,,,,
1415769580.93755,public,supplier,4,400000,0,0,100000,0,0,0,100000,0,2312,15648,0,0,,,,
1415769580.93755,public,nation,2,50,0,0,25,0,0,0,25,0,1,3,0,0,,,,
1415769580.93755,pg_toast,pg_toast_11747,0,0,0,0,0,0,0,0,0,0,0,0,0,0,,,,
1415769580.93755,pg_toast,pg_toast_11727,0,0,0,0,0,0,0,0,0,0,0,0,0,0,,,,
1415769580.93755,pg_toast,pg_toast_2606,0,0,0,0,0,0,0,0,0,0,0,0,0,0,,,,
1415769580.93755,pg_toast,pg_toast_2964,0,0,0,0,0,0,0,0,0,0,0,0,0,0,,,,
1415769580.93755,pg_catalog,pg_database,12,36,282,282,0,0,0,0,0,0,0,294,8,442,,,,
1415769580.93755,information_schema,sql_parts,0,0,,,0,0,0,0,0,0,0,0,,,0,0,0,0
1415769580.93755,pg_toast,pg_toast_2620,0,0,0,0,0,0,0,0,0,0,0,0,0,0,,,,
1415769580.93755,pg_toast,pg_toast_11737,0,0,0,0,0,0,0,0,0,0,0,0,0,0,,,,
1415769580.93755,pg_catalog,pg_depend,0,0,464,502,69,0,90,0,69,90,21,813,23,1269,,,,
1415769580.93755,pg_catalog,pg_language,0,0,0,0,0,0,0,0,0,0,0,0,0,0,,,,
1415769580.93755,information_schema,sql_implementation_info,0,0,,,0,0,0,0,0,0,0,0,,,0,0,0,0
1415769580.93755,pg_catalog,pg_amproc,8,16,270,440,0,0,0,0,0,0,6,279,6,617,,,,
1415769580.93755,pg_catalog,pg_collation,0,0,0,0,0,0,0,0,0,0,0,0,0,0,,,,
1415769580.93755,pg_catalog,pg_range,0,0,0,0,0,0,0,0,0,0,0,0,0,0,,,,
1415769580.93755,pg_toast,pg_toast_2609,0,0,0,0,0,0,0,0,0,0,0,0,0,0,,,,
1415769580.93755,pg_catalog,pg_opclass,8,8,365,4071,0,0,0,0,0,0,4,1441,6,482,,,,
1415769580.93755,pg_toast,pg_toast_11752,0,0,0,0,0,0,0,0,0,0,0,0,0,0,,,,
1415769580.93755,pg_catalog,pg_rewrite,0,0,23,23,0,0,0,0,0,0,5,18,2,38,8,14,4,52
1415769580.93755,pg_toast,pg_toast_1255,0,0,0,0,0,0,0,0,0,0,0,0,0,0,,,,
1415769580.93755,pg_catalog,pg_seclabel,0,0,65,0,0,0,0,0,0,0,0,0,1,64,0,0,0,0
1415769580.93755,information_schema,sql_languages,0,0,,,0,0,0,0,0,0,0,0,,,0,0,0,0
1415769580.93755,pg_catalog,pg_ts_parser,0,0,0,0,0,0,0,0,0,0,0,0,0,0,,,,
1415769580.93755,public,customer,6,9000000,0,0,1500000,0,0,0,1500000,0,68533,294857,0,0,,,,
1415769580.93755,pg_catalog,pg_trigger,0,0,0,0,0,0,0,0,0,0,0,0,0,0,0,0,0,0
1415769580.93755,pg_catalog,pg_shseclabel,0,0,0,0,0,0,0,0,0,0,0,0,0,0,,,,
1415769580.93755,pg_catalog,pg_event_trigger,0,0,40,0,0,0,0,0,0,0,0,0,1,39,,,,
1415769580.93755,pg_toast,pg_toast_11742,0,0,0,0,0,0,0,0,0,0,0,0,0,0,,,,
1415769580.93755,pg_catalog,pg_foreign_table,0,0,0,0,0,0,0,0,0,0,0,0,0,0,,,,
1415769580.93755,information_schema,sql_sizing_profiles,0,0,,,0,0,0,0,0,0,0,0,,,0,0,0,0
1415769580.93755,pg_catalog,pg_extension,0,0,0,0,0,0,0,0,0,0,0,0,0,0,,,,
1415769580.93755,pg_catalog,pg_ts_config,0,0,0,0,0,0,0,0,0,0,0,0,0,0,,,,
1415769580.93755,pg_catalog,pg_shdescription,0,0,0,0,0,0,0,0,0,0,0,0,0,0,0,0,0,0
1415769580.93755,public,part,6,12000000,0,0,2000000,0,0,0,2000000,0,79007,327715,0,0,,,,
1415769580.93755,pg_catalog,pg_cast,0,0,1385,340,0,0,0,0,0,0,3,337,4,1428,,,,
1415769580.93755,pg_catalog,pg_amop,0,0,257,294,0,0,0,0,0,0,4,290,7,551,,,,
1415769580.93755,pg_catalog,pg_user_mapping,0,0,0,0,0,0,0,0,0,0,0,0,0,0,,,,
1415769580.93755,pg_catalog,pg_type,0,0,613,563,19,0,19,0,19,19,12,638,12,1389,,,,
1415769580.93755,pg_catalog,pg_largeobject,0,0,0,0,0,0,0,0,0,0,0,0,0,0,,,,
1415769580.93755,public,lineitem,0,0,,,0,0,0,0,0,0,0,0,,,,,,
1415769580.93755,pg_catalog,pg_ts_config_map,0,0,0,0,0,0,0,0,0,0,0,0,0,0,,,,
1415769580.93755,pg_catalog,pg_largeobject_metadata,0,0,0,0,0,0,0,0,0,0,0,0,0,0,,,,
1415769580.93755,pg_catalog,pg_am,104,104,0,0,0,0,0,0,0,0,2,102,0,0,,,,
1415769580.93755,pg_toast,pg_toast_11722,0,0,0,0,0,0,0,0,0,0,0,0,0,0,,,,
1415769580.93755,pg_catalog,pg_ts_template,0,0,0,0,0,0,0,0,0,0,0,0,0,0,,,,
1415769580.93755,pg_catalog,pg_foreign_server,0,0,0,0,0,0,0,0,0,0,0,0,0,0,,,,
1415769580.93755,pg_catalog,pg_namespace,8,384,571,497,0,0,0,0,0,0,1,504,5,660,,,,
1415769580.93755,pg_toast,pg_toast_2619,0,0,115,279,202,0,248,0,219,8,103,931,10,662,,,,
1415769580.93755,public,partsupp,3,24000000,0,0,8000000,0,0,0,8000000,0,340611,954509,0,0,,,,
1415769580.93755,pg_catalog,pg_authid,7,7,157,157,0,0,0,0,0,0,2,162,8,306,,,,
1415769580.93755,pg_catalog,pg_default_acl,0,0,40,0,0,0,0,0,0,0,0,0,1,39,,,,
1415769580.93755,public,time_statistics,0,0,,,1,0,0,0,1,0,1,0,,,,,,
1415769580.93755,pg_catalog,pg_shdepend,0,0,75,10,0,0,0,0,0,0,1,9,4,91,,,,
1415769580.93755,pg_catalog,pg_constraint,0,0,15,8,7,0,8,0,7,8,4,40,8,71,0,0,0,0
1415769580.93755,pg_catalog,pg_index,43,1943,897,1120,20,0,28,0,20,28,13,1152,6,1078,,,,
1415769580.93755,pg_catalog,pg_ts_dict,0,0,0,0,0,0,0,0,0,0,0,0,0,0,,,,
1415769580.93755,pg_toast,pg_toast_2604,0,0,0,0,0,0,0,0,0,0,0,0,0,0,,,,
1415769580.93755,public,orders,4,60000000,0,0,15000000,0,0,0,15000000,0,504554,1558780,0,0,,,,
1415769580.93755,pg_toast,pg_toast_11732,0,0,0,0,0,0,0,0,0,0,0,0,0,0,,,,
1415769580.93755,pg_catalog,pg_proc,0,0,270,388,0,0,0,0,0,0,30,310,24,563,0,0,0,0
1415769640.93976,pg_catalog,pg_attrdef,0,0,0,0,0,0,0,0,0,0,0,0,0,0,0,0,0,0
1415769640.93976,pg_catalog,pg_db_role_setting,0,0,368,0,0,0,0,0,0,0,0,0,2,366,0,0,0,0
1415769640.93976,pg_catalog,pg_rowsecurity,0,0,0,0,0,0,0,0,0,0,0,0,0,0,,,,
1415769640.93976,pg_catalog,pg_description,0,0,65,0,0,0,0,0,0,0,0,0,3,137,0,0,0,0
1415769640.93976,pg_catalog,pg_foreign_data_wrapper,0,0,0,0,0,0,0,0,0,0,0,0,0,0,,,,
1415769640.93976,pg_catalog,pg_conversion,0,0,0,0,0,0,0,0,0,0,0,0,0,0,,,,
1415769640.93976,information_schema,sql_features,0,0,,,0,0,0,0,0,0,0,0,,,0,0,0,0
1415769640.93976,pg_catalog,pg_class,87,12751,2661,2526,30,0,38,0,30,36,17,3350,21,5704,,,,
1415769640.93976,pg_catalog,pg_opfamily,0,0,0,0,0,0,0,0,0,0,0,0,0,0,,,,
1415769640.93976,pg_catalog,pg_auth_members,0,0,0,0,0,0,0,0,0,0,0,0,0,0,,,,
1415769640.93976,pg_catalog,pg_operator,0,0,128,211,0,0,0,0,0,0,25,160,14,295,,,,
1415769640.93976,information_schema,sql_packages,0,0,,,0,0,0,0,0,0,0,0,,,0,0,0,0
1415769640.93976,pg_catalog,pg_attribute,44,300,2062,5472,164,8,178,8,2500,296,78,3262,21,4900,,,,
1415769640.93976,pg_catalog,pg_tablespace,0,0,23,23,0,0,0,0,0,0,2,21,5,43,,,,
1415769640.93976,pg_catalog,pg_statistic,0,0,201,181,47,21,66,21,47,61,26,293,7,531,103,935,10,674
1415769640.93976,pg_catalog,pg_aggregate,0,0,4,4,0,0,0,0,0,0,1,3,2,6,,,,
1415769640.93976,pg_catalog,pg_inherits,0,0,10,0,0,0,0,0,0,0,0,0,1,9,,,,
1415769640.93976,information_schema,sql_sizing,0,0,,,0,0,0,0,0,0,0,0,,,0,0,0,0
1415769640.93976,pg_catalog,pg_enum,0,0,0,0,0,0,0,0,0,0,0,0,0,0,,,,
1415769640.93976,pg_toast,pg_toast_2396,0,0,0,0,0,0,0,0,0,0,0,0,0,0,,,,
1415769640.93976,pg_catalog,pg_pltemplate,0,0,0,0,0,0,0,0,0,0,0,0,0,0,,,,
1415769640.93976,public,region,2,10,0,0,5,0,0,0,5,0,1,3,0,0,,,,
1415769640.93976,pg_toast,pg_toast_2618,0,0,22,70,0,0,0,0,0,0,8,20,2,34,,,,
1415769640.93976,pg_toast,pg_toast_3596,0,0,0,0,0,0,0,0,0,0,0,0,0,0,,,,
1415769640.93976,public,supplier,4,400000,0,0,100000,0,0,0,100000,0,2312,15648,0,0,,,,
1415769640.93976,public,nation,2,50,0,0,25,0,0,0,25,0,1,3,0,0,,,,
1415769640.93976,pg_toast,pg_toast_11747,0,0,0,0,0,0,0,0,0,0,0,0,0,0,,,,
1415769640.93976,pg_toast,pg_toast_11727,0,0,0,0,0,0,0,0,0,0,0,0,0,0,,,,
1415769640.93976,pg_toast,pg_toast_2606,0,0,0,0,0,0,0,0,0,0,0,0,0,0,,,,
1415769640.93976,pg_toast,pg_toast_2964,0,0,0,0,0,0,0,0,0,0,0,0,0,0,,,,
1415769640.93976,pg_catalog,pg_database,15,48,310,310,0,0,0,0,0,0,0,325,8,484,,,,
1415769640.93976,information_schema,sql_parts,0,0,,,0,0,0,0,0,0,0,0,,,0,0,0,0
1415769640.93976,pg_toast,pg_toast_2620,0,0,0,0,0,0,0,0,0,0,0,0,0,0,,,,
1415769640.93976,pg_toast,pg_toast_11737,0,0,0,0,0,0,0,0,0,0,0,0,0,0,,,,
1415769640.93976,pg_catalog,pg_depend,0,0,464,502,69,0,90,0,69,90,21,813,23,1269,,,,
1415769640.93976,pg_catalog,pg_language,0,0,0,0,0,0,0,0,0,0,0,0,0,0,,,,
1415769640.93976,information_schema,sql_implementation_info,0,0,,,0,0,0,0,0,0,0,0,,,0,0,0,0
1415769640.93976,pg_catalog,pg_amproc,8,16,293,476,0,0,0,0,0,0,6,302,6,671,,,,
1415769640.93976,pg_catalog,pg_collation,0,0,0,0,0,0,0,0,0,0,0,0,0,0,,,,
1415769640.93976,pg_catalog,pg_range,0,0,0,0,0,0,0,0,0,0,0,0,0,0,,,,
1415769640.93976,pg_toast,pg_toast_2609,0,0,0,0,0,0,0,0,0,0,0,0,0,0,,,,
1415769640.93976,pg_catalog,pg_opclass,8,8,389,4343,0,0,0,0,0,0,4,1545,6,517,,,,
1415769640.93976,pg_toast,pg_toast_11752,0,0,0,0,0,0,0,0,0,0,0,0,0,0,,,,
1415769640.93976,pg_catalog,pg_rewrite,0,0,31,31,0,0,0,0,0,0,5,26,2,52,8,20,4,68
1415769640.93976,pg_toast,pg_toast_1255,0,0,0,0,0,0,0,0,0,0,0,0,0,0,,,,
1415769640.93976,pg_catalog,pg_seclabel,0,0,65,0,0,0,0,0,0,0,0,0,1,64,0,0,0,0
1415769640.93976,information_schema,sql_languages,0,0,,,0,0,0,0,0,0,0,0,,,0,0,0,0
1415769640.93976,pg_catalog,pg_ts_parser,0,0,0,0,0,0,0,0,0,0,0,0,0,0,,,,
1415769640.93976,public,customer,6,9000000,0,0,1500000,0,0,0,1500000,0,68533,294857,0,0,,,,
1415769640.93976,pg_catalog,pg_trigger,0,0,0,0,0,0,0,0,0,0,0,0,0,0,0,0,0,0
1415769640.93976,pg_catalog,pg_shseclabel,0,0,0,0,0,0,0,0,0,0,0,0,0,0,,,,
1415769640.93976,pg_catalog,pg_event_trigger,0,0,40,0,0,0,0,0,0,0,0,0,1,39,,,,
1415769640.93976,pg_toast,pg_toast_11742,0,0,0,0,0,0,0,0,0,0,0,0,0,0,,,,
1415769640.93976,pg_catalog,pg_foreign_table,0,0,0,0,0,0,0,0,0,0,0,0,0,0,,,,
1415769640.93976,information_schema,sql_sizing_profiles,0,0,,,0,0,0,0,0,0,0,0,,,0,0,0,0
1415769640.93976,pg_catalog,pg_extension,0,0,0,0,0,0,0,0,0,0,0,0,0,0,,,,
1415769640.93976,pg_catalog,pg_ts_config,0,0,0,0,0,0,0,0,0,0,0,0,0,0,,,,
1415769640.93976,pg_catalog,pg_shdescription,0,0,0,0,0,0,0,0,0,0,0,0,0,0,0,0,0,0
1415769640.93976,public,part,6,12000000,0,0,2000000,0,0,0,2000000,0,79007,327715,0,0,,,,
1415769640.93976,pg_catalog,pg_cast,0,0,1483,374,0,0,0,0,0,0,3,371,4,1532,,,,
1415769640.93976,pg_catalog,pg_amop,0,0,300,347,0,0,0,0,0,0,4,343,7,647,,,,
1415769640.93976,pg_catalog,pg_user_mapping,0,0,0,0,0,0,0,0,0,0,0,0,0,0,,,,
1415769640.93976,pg_catalog,pg_type,0,0,725,675,19,0,19,0,19,19,12,750,12,1619,,,,
1415769640.93976,pg_catalog,pg_largeobject,0,0,0,0,0,0,0,0,0,0,0,0,0,0,,,,
1415769640.93976,public,lineitem,0,0,,,0,0,0,0,0,0,0,0,,,,,,
1415769640.93976,pg_catalog,pg_ts_config_map,0,0,0,0,0,0,0,0,0,0,0,0,0,0,,,,
1415769640.93976,pg_catalog,pg_largeobject_metadata,0,0,0,0,0,0,0,0,0,0,0,0,0,0,,,,
1415769640.93976,pg_catalog,pg_am,111,111,0,0,0,0,0,0,0,0,2,109,0,0,,,,
1415769640.93976,pg_toast,pg_toast_11722,0,0,0,0,0,0,0,0,0,0,0,0,0,0,,,,
1415769640.93976,pg_catalog,pg_ts_template,0,0,0,0,0,0,0,0,0,0,0,0,0,0,,,,
1415769640.93976,pg_catalog,pg_foreign_server,0,0,0,0,0,0,0,0,0,0,0,0,0,0,,,,
1415769640.93976,pg_catalog,pg_namespace,10,480,724,644,0,0,0,0,0,0,1,653,5,821,,,,
1415769640.93976,pg_toast,pg_toast_2619,0,0,119,287,202,0,248,0,219,8,103,935,10,674,,,,
1415769640.93976,public,partsupp,3,24000000,0,0,8000000,0,0,0,8000000,0,340611,954509,0,0,,,,
1415769640.93976,pg_catalog,pg_authid,8,8,167,167,0,0,0,0,0,0,2,173,8,326,,,,
1415769640.93976,pg_catalog,pg_default_acl,0,0,40,0,0,0,0,0,0,0,0,0,1,39,,,,
1415769640.93976,public,time_statistics,0,0,,,1,0,0,0,1,0,1,0,,,,,,
1415769640.93976,pg_catalog,pg_shdepend,0,0,75,10,0,0,0,0,0,0,1,9,4,91,,,,
1415769640.93976,pg_catalog,pg_constraint,0,0,15,8,7,0,8,0,7,8,4,40,8,71,0,0,0,0
1415769640.93976,pg_catalog,pg_index,48,2618,947,1185,20,0,28,0,20,28,13,1237,6,1141,,,,
1415769640.93976,pg_catalog,pg_ts_dict,0,0,0,0,0,0,0,0,0,0,0,0,0,0,,,,
1415769640.93976,pg_toast,pg_toast_2604,0,0,0,0,0,0,0,0,0,0,0,0,0,0,,,,
1415769640.93976,public,orders,4,60000000,0,0,15000000,0,0,0,15000000,0,504554,1558780,0,0,,,,
1415769640.93976,pg_toast,pg_toast_11732,0,0,0,0,0,0,0,0,0,0,0,0,0,0,,,,
1415769640.93976,pg_catalog,pg_proc,0,0,354,514,0,0,0,0,0,0,30,418,24,743,0,0,0,0
1415769700.94122,pg_catalog,pg_attrdef,0,0,0,0,0,0,0,0,0,0,0,0,0,0,0,0,0,0
1415769700.94122,pg_catalog,pg_db_role_setting,0,0,428,0,0,0,0,0,0,0,0,0,2,426,0,0,0,0
1415769700.94122,pg_catalog,pg_rowsecurity,0,0,0,0,0,0,0,0,0,0,0,0,0,0,,,,
1415769700.94122,pg_catalog,pg_description,0,0,65,0,0,0,0,0,0,0,0,0,3,137,0,0,0,0
1415769700.94122,pg_catalog,pg_foreign_data_wrapper,0,0,0,0,0,0,0,0,0,0,0,0,0,0,,,,
1415769700.94122,pg_catalog,pg_conversion,0,0,0,0,0,0,0,0,0,0,0,0,0,0,,,,
1415769700.94122,information_schema,sql_features,0,0,,,0,0,0,0,0,0,0,0,,,0,0,0,0
1415769700.94122,pg_catalog,pg_class,97,15729,3015,2879,30,0,38,0,30,36,17,3814,21,6437,,,,
1415769700.94122,pg_catalog,pg_opfamily,0,0,0,0,0,0,0,0,0,0,0,0,0,0,,,,
1415769700.94122,pg_catalog,pg_auth_members,0,0,0,0,0,0,0,0,0,0,0,0,0,0,,,,
1415769700.94122,pg_catalog,pg_operator,0,0,145,228,0,0,0,0,0,0,25,177,14,337,,,,
1415769700.94122,information_schema,sql_packages,0,0,,,0,0,0,0,0,0,0,0,,,0,0,0,0
1415769700.94122,pg_catalog,pg_attribute,44,300,2285,5866,164,8,178,8,2500,296,78,3500,21,5362,,,,
1415769700.94122,pg_catalog,pg_tablespace,0,0,28,28,0,0,0,0,0,0,2,26,5,53,,,,
1415769700.94122,pg_catalog,pg_statistic,0,0,226,200,47,21,66,21,47,61,26,312,7,586,103,938,10,683
1415769700.94122,pg_catalog,pg_aggregate,0,0,5,5,0,0,0,0,0,0,1,4,2,8,,,,
1415769700.94122,pg_catalog,pg_inherits,0,0,10,0,0,0,0,0,0,0,0,0,1,9,,,,
1415769700.94122,information_schema,sql_sizing,0,0,,,0,0,0,0,0,0,0,0,,,0,0,0,0
1415769700.94122,pg_catalog,pg_enum,0,0,0,0,0,0,0,0,0,0,0,0,0,0,,,,
1415769700.94122,pg_toast,pg_toast_2396,0,0,0,0,0,0,0,0,0,0,0,0,0,0,,,,
1415769700.94122,pg_catalog,pg_pltemplate,0,0,0,0,0,0,0,0,0,0,0,0,0,0,,,,
1415769700.94122,public,region,2,10,0,0,5,0,0,0,5,0,1,3,0,0,,,,
1415769700.94122,pg_toast,pg_toast_2618,0,0,27,86,0,0,0,0,0,0,8,26,2,42,,,,
1415769700.94122,pg_toast,pg_toast_3596,0,0,0,0,0,0,0,0,0,0,0,0,0,0,,,,
1415769700.94122,public,supplier,4,400000,0,0,100000,0,0,0,100000,0,2312,15648,0,0,,,,
1415769700.94122,public,nation,2,50,0,0,25,0,0,0,25,0,1,3,0,0,,,,
1415769700.94122,pg_toast,pg_toast_11747,0,0,0,0,0,0,0,0,0,0,0,0,0,0,,,,
1415769700.94122,pg_toast,pg_toast_11727,0,0,0,0,0,0,0,0,0,0,0,0,0,0,,,,
1415769700.94122,pg_toast,pg_toast_2606,0,0,0,0,0,0,0,0,0,0,0,0,0,0,,,,
1415769700.94122,pg_toast,pg_toast_2964,0,0,0,0,0,0,0,0,0,0,0,0,0,0,,,,
1415769700.94122,pg_catalog,pg_database,18,60,362,362,0,0,0,0,0,0,0,380,8,566,,,,
1415769700.94122,information_schema,sql_parts,0,0,,,0,0,0,0,0,0,0,0,,,0,0,0,0
1415769700.94122,pg_toast,pg_toast_2620,0,0,0,0,0,0,0,0,0,0,0,0,0,0,,,,
1415769700.94122,pg_toast,pg_toast_11737,0,0,0,0,0,0,0,0,0,0,0,0,0,0,,,,
1415769700.94122,pg_catalog,pg_depend,0,0,464,502,69,0,90,0,69,90,21,813,23,1269,,,,
1415769700.94122,pg_catalog,pg_language,0,0,0,0,0,0,0,0,0,0,0,0,0,0,,,,
1415769700.94122,information_schema,sql_implementation_info,0,0,,,0,0,0,0,0,0,0,0,,,0,0,0,0
1415769700.94122,pg_catalog,pg_amproc,8,16,318,519,0,0,0,0,0,0,6,327,6,735,,,,
1415769700.94122,pg_catalog,pg_collation,0,0,0,0,0,0,0,0,0,0,0,0,0,0,,,,
1415769700.94122,pg_catalog,pg_range,0,0,0,0,0,0,0,0,0,0,0,0,0,0,,,,
1415769700.94122,pg_toast,pg_toast_2609,0,0,0,0,0,0,0,0,0,0,0,0,0,0,,,,
1415769700.94122,pg_catalog,pg_opclass,8,8,415,4536,0,0,0,0,0,0,4,1623,6,560,,,,
1415769700.94122,pg_toast,pg_toast_11752,0,0,0,0,0,0,0,0,0,0,0,0,0,0,,,,
1415769700.94122,pg_catalog,pg_rewrite,0,0,38,38,0,0,0,0,0,0,5,33,2,64,8,26,4,84
1415769700.94122,pg_toast,pg_toast_1255,0,0,0,0,0,0,0,0,0,0,0,0,0,0,,,,
1415769700.94122,pg_catalog,pg_seclabel,0,0,65,0,0,0,0,0,0,0,0,0,1,64,0,0,0,0
1415769700.94122,information_schema,sql_languages,0,0,,,0,0,0,0,0,0,0,0,,,0,0,0,0
1415769700.94122,pg_catalog,pg_ts_parser,0,0,0,0,0,0,0,0,0,0,0,0,0,0,,,,
1415769700.94122,public,customer,6,9000000,0,0,1500000,0,0,0,1500000,0,68533,294857,0,0,,,,
1415769700.94122,pg_catalog,pg_trigger,0,0,0,0,0,0,0,0,0,0,0,0,0,0,0,0,0,0
1415769700.94122,pg_catalog,pg_shseclabel,0,0,0,0,0,0,0,0,0,0,0,0,0,0,,,,
1415769700.94122,pg_catalog,pg_event_trigger,0,0,40,0,0,0,0,0,0,0,0,0,1,39,,,,
1415769700.94122,pg_toast,pg_toast_11742,0,0,0,0,0,0,0,0,0,0,0,0,0,0,,,,
1415769700.94122,pg_catalog,pg_foreign_table,0,0,0,0,0,0,0,0,0,0,0,0,0,0,,,,
1415769700.94122,information_schema,sql_sizing_profiles,0,0,,,0,0,0,0,0,0,0,0,,,0,0,0,0
1415769700.94122,pg_catalog,pg_extension,0,0,0,0,0,0,0,0,0,0,0,0,0,0,,,,
1415769700.94122,pg_catalog,pg_ts_config,0,0,0,0,0,0,0,0,0,0,0,0,0,0,,,,
1415769700.94122,pg_catalog,pg_shdescription,0,0,0,0,0,0,0,0,0,0,0,0,0,0,0,0,0,0
1415769700.94122,public,part,6,12000000,0,0,2000000,0,0,0,2000000,0,79007,327715,0,0,,,,
1415769700.94122,pg_catalog,pg_cast,0,0,1552,402,0,0,0,0,0,0,3,399,4,1606,,,,
1415769700.94122,pg_catalog,pg_amop,0,0,333,388,0,0,0,0,0,0,4,384,7,721,,,,
1415769700.94122,pg_catalog,pg_user_mapping,0,0,0,0,0,0,0,0,0,0,0,0,0,0,,,,
1415769700.94122,pg_catalog,pg_type,0,0,822,772,19,0,19,0,19,19,12,847,12,1819,,,,
1415769700.94122,pg_catalog,pg_largeobject,0,0,0,0,0,0,0,0,0,0,0,0,0,0,,,,
1415769700.94122,public,lineitem,0,0,,,59986052,0,0,0,59986052,0,1065680,2307885,,,,,,
1415769700.94122,pg_catalog,pg_ts_config_map,0,0,0,0,0,0,0,0,0,0,0,0,0,0,,,,
1415769700.94122,pg_catalog,pg_largeobject_metadata,0,0,0,0,0,0,0,0,0,0,0,0,0,0,,,,
1415769700.94122,pg_catalog,pg_am,125,125,0,0,0,0,0,0,0,0,2,123,0,0,,,,
1415769700.94122,pg_toast,pg_toast_11722,0,0,0,0,0,0,0,0,0,0,0,0,0,0,,,,
1415769700.94122,pg_catalog,pg_ts_template,0,0,0,0,0,0,0,0,0,0,0,0,0,0,,,,
1415769700.94122,pg_catalog,pg_foreign_server,0,0,0,0,0,0,0,0,0,0,0,0,0,0,,,,
1415769700.94122,pg_catalog,pg_namespace,12,576,876,790,0,0,0,0,0,0,1,801,5,981,,,,
1415769700.94122,pg_toast,pg_toast_2619,0,0,122,293,202,0,248,0,219,8,103,938,10,683,,,,
1415769700.94122,public,partsupp,3,24000000,0,0,8000000,0,0,0,8000000,0,340611,954509,0,0,,,,
1415769700.94122,pg_catalog,pg_authid,9,9,193,193,0,0,0,0,0,0,2,200,8,378,,,,
1415769700.94122,pg_catalog,pg_default_acl,0,0,40,0,0,0,0,0,0,0,0,0,1,39,,,,
1415769700.94122,public,time_statistics,0,0,,,1,0,0,0,1,0,1,0,,,,,,
1415769700.94122,pg_catalog,pg_shdepend,0,0,75,10,0,0,0,0,0,0,1,9,4,91,,,,
1415769700.94122,pg_catalog,pg_constraint,0,0,15,8,7,0,8,0,7,8,4,40,8,71,0,0,0,0
1415769700.94122,pg_catalog,pg_index,53,3293,999,1250,20,0,28,0,20,28,13,1324,6,1212,,,,
1415769700.94122,pg_catalog,pg_ts_dict,0,0,0,0,0,0,0,0,0,0,0,0,0,0,,,,
1415769700.94122,pg_toast,pg_toast_2604,0,0,0,0,0,0,0,0,0,0,0,0,0,0,,,,
1415769700.94122,public,orders,4,60000000,0,0,15000000,0,0,0,15000000,0,504554,1558780,0,0,,,,
1415769700.94122,pg_toast,pg_toast_11732,0,0,0,0,0,0,0,0,0,0,0,0,0,0,,,,
1415769700.94122,pg_catalog,pg_proc,0,0,432,627,0,0,0,0,0,0,30,516,24,909,0,0,0,0
1415769760.94473,pg_catalog,pg_attrdef,0,0,0,0,0,0,0,0,0,0,0,0,0,0,0,0,0,0
1415769760.94473,pg_catalog,pg_db_role_setting,0,0,456,0,0,0,0,0,0,0,0,0,2,454,0,0,0,0
1415769760.94473,pg_catalog,pg_rowsecurity,0,0,0,0,0,0,0,0,0,0,0,0,0,0,,,,
1415769760.94473,pg_catalog,pg_description,0,0,65,0,0,0,0,0,0,0,0,0,3,137,0,0,0,0
1415769760.94473,pg_catalog,pg_foreign_data_wrapper,0,0,0,0,0,0,0,0,0,0,0,0,0,0,,,,
1415769760.94473,pg_catalog,pg_conversion,0,0,0,0,0,0,0,0,0,0,0,0,0,0,,,,
1415769760.94473,information_schema,sql_features,0,0,,,0,0,0,0,0,0,0,0,,,0,0,0,0
1415769760.94473,pg_catalog,pg_class,106,18378,3373,3231,32,0,38,0,32,36,17,4279,21,7183,,,,
1415769760.94473,pg_catalog,pg_opfamily,0,0,0,0,0,0,0,0,0,0,0,0,0,0,,,,
1415769760.94473,pg_catalog,pg_auth_members,0,0,0,0,0,0,0,0,0,0,0,0,0,0,,,,
1415769760.94473,pg_catalog,pg_operator,0,0,164,247,0,0,0,0,0,0,25,196,14,385,,,,
1415769760.94473,information_schema,sql_packages,0,0,,,0,0,0,0,0,0,0,0,,,0,0,0,0
1415769760.94473,pg_catalog,pg_attribute,44,300,2502,6294,166,8,178,8,2502,296,78,3734,25,5816,,,,
1415769760.94473,pg_catalog,pg_tablespace,0,0,33,33,0,0,0,0,0,0,2,31,5,63,,,,
1415769760.94473,pg_catalog,pg_statistic,0,0,248,216,47,21,66,21,47,57,26,328,7,634,103,940,10,689
1415769760.94473,pg_catalog,pg_aggregate,0,0,6,6,0,0,0,0,0,0,1,5,2,10,,,,
1415769760.94473,pg_catalog,pg_inherits,0,0,10,0,0,0,0,0,0,0,0,0,1,9,,,,
1415769760.94473,information_schema,sql_sizing,0,0,,,0,0,0,0,0,0,0,0,,,0,0,0,0
1415769760.94473,pg_catalog,pg_enum,0,0,0,0,0,0,0,0,0,0,0,0,0,0,,,,
1415769760.94473,pg_toast,pg_toast_2396,0,0,0,0,0,0,0,0,0,0,0,0,0,0,,,,
1415769760.94473,pg_catalog,pg_pltemplate,0,0,0,0,0,0,0,0,0,0,0,0,0,0,,,,
1415769760.94473,public,region,2,10,0,0,5,0,0,0,5,0,1,3,0,0,,,,
1415769760.94473,pg_toast,pg_toast_2618,0,0,32,102,0,0,0,0,0,0,8,32,2,50,,,,
1415769760.94473,pg_toast,pg_toast_3596,0,0,0,0,0,0,0,0,0,0,0,0,0,0,,,,
1415769760.94473,public,supplier,4,400000,0,0,100000,0,0,0,100000,0,2312,15648,0,0,,,,
1415769760.94473,public,nation,2,50,0,0,25,0,0,0,25,0,1,3,0,0,,,,
1415769760.94473,pg_toast,pg_toast_11747,0,0,0,0,0,0,0,0,0,0,0,0,0,0,,,,
1415769760.94473,pg_toast,pg_toast_11727,0,0,0,0,0,0,0,0,0,0,0,0,0,0,,,,
1415769760.94473,pg_toast,pg_toast_2606,0,0,0,0,0,0,0,0,0,0,0,0,0,0,,,,
1415769760.94473,pg_toast,pg_toast_2964,0,0,0,0,0,0,0,0,0,0,0,0,0,0,,,,
1415769760.94473,pg_catalog,pg_database,21,72,397,397,0,0,0,0,0,0,0,418,8,615,,,,
1415769760.94473,information_schema,sql_parts,0,0,,,0,0,0,0,0,0,0,0,,,0,0,0,0
1415769760.94473,pg_toast,pg_toast_2620,0,0,0,0,0,0,0,0,0,0,0,0,0,0,,,,
1415769760.94473,pg_toast,pg_toast_11737,0,0,0,0,0,0,0,0,0,0,0,0,0,0,,,,
1415769760.94473,pg_catalog,pg_depend,0,0,474,512,74,0,90,0,74,90,21,834,24,1312,,,,
1415769760.94473,pg_catalog,pg_language,0,0,0,0,0,0,0,0,0,0,0,0,0,0,,,,
1415769760.94473,information_schema,sql_implementation_info,0,0,,,0,0,0,0,0,0,0,0,,,0,0,0,0
1415769760.94473,pg_catalog,pg_amproc,8,16,333,545,0,0,0,0,0,0,6,342,6,771,,,,
1415769760.94473,pg_catalog,pg_collation,0,0,0,0,0,0,0,0,0,0,0,0,0,0,,,,
1415769760.94473,pg_catalog,pg_range,0,0,0,0,0,0,0,0,0,0,0,0,0,0,,,,
1415769760.94473,pg_toast,pg_toast_2609,0,0,0,0,0,0,0,0,0,0,0,0,0,0,,,,
1415769760.94473,pg_catalog,pg_opclass,8,8,434,4727,0,0,0,0,0,0,4,1690,6,589,,,,
1415769760.94473,pg_toast,pg_toast_11752,0,0,0,0,0,0,0,0,0,0,0,0,0,0,,,,
1415769760.94473,pg_catalog,pg_rewrite,0,0,44,44,0,0,0,0,0,0,5,39,2,74,8,32,4,100
1415769760.94473,pg_toast,pg_toast_1255,0,0,0,0,0,0,0,0,0,0,0,0,0,0,,,,
1415769760.94473,pg_catalog,pg_seclabel,0,0,65,0,0,0,0,0,0,0,0,0,1,64,0,0,0,0
1415769760.94473,information_schema,sql_languages,0,0,,,0,0,0,0,0,0,0,0,,,0,0,0,0
1415769760.94473,pg_catalog,pg_ts_parser,0,0,0,0,0,0,0,0,0,0,0,0,0,0,,,,
1415769760.94473,public,customer,6,9000000,0,0,1500000,0,0,0,1500000,0,68533,294857,0,0,,,,
1415769760.94473,pg_catalog,pg_trigger,0,0,0,0,0,0,0,0,0,0,0,0,0,0,0,0,0,0
1415769760.94473,pg_catalog,pg_shseclabel,0,0,0,0,0,0,0,0,0,0,0,0,0,0,,,,
1415769760.94473,pg_catalog,pg_event_trigger,0,0,42,0,0,0,0,0,0,0,0,0,1,41,,,,
1415769760.94473,pg_toast,pg_toast_11742,0,0,0,0,0,0,0,0,0,0,0,0,0,0,,,,
1415769760.94473,pg_catalog,pg_foreign_table,0,0,0,0,0,0,0,0,0,0,0,0,0,0,,,,
1415769760.94473,information_schema,sql_sizing_profiles,0,0,,,0,0,0,0,0,0,0,0,,,0,0,0,0
1415769760.94473,pg_catalog,pg_extension,0,0,0,0,0,0,0,0,0,0,0,0,0,0,,,,
1415769760.94473,pg_catalog,pg_ts_config,0,0,0,0,0,0,0,0,0,0,0,0,0,0,,,,
1415769760.94473,pg_catalog,pg_shdescription,0,0,0,0,0,0,0,0,0,0,0,0,0,0,0,0,0,0
1415769760.94473,public,part,6,12000000,0,0,2000000,0,0,0,2000000,0,79007,327715,0,0,,,,
1415769760.94473,pg_catalog,pg_cast,0,0,1618,438,0,0,0,0,0,0,3,435,4,1678,,,,
1415769760.94473,pg_catalog,pg_amop,0,0,356,417,0,0,0,0,0,0,4,413,7,773,,,,
1415769760.94473,pg_catalog,pg_user_mapping,0,0,0,0,0,0,0,0,0,0,0,0,0,0,,,,
1415769760.94473,pg_catalog,pg_type,0,0,899,849,19,0,19,0,19,19,12,924,12,1979,,,,
1415769760.94473,pg_catalog,pg_largeobject,0,0,0,0,0,0,0,0,0,0,0,0,0,0,,,,
1415769760.94473,public,lineitem,2,119972104,0,0,59986052,0,0,0,59986052,0,1463436,4040963,0,0,,,,
1415769760.94473,pg_catalog,pg_ts_config_map,0,0,0,0,0,0,0,0,0,0,0,0,0,0,,,,
1415769760.94473,pg_catalog,pg_largeobject_metadata,0,0,0,0,0,0,0,0,0,0,0,0,0,0,,,,
1415769760.94473,pg_catalog,pg_am,133,133,0,0,0,0,0,0,0,0,2,131,0,0,,,,
1415769760.94473,pg_toast,pg_toast_11722,0,0,0,0,0,0,0,0,0,0,0,0,0,0,,,,
1415769760.94473,pg_catalog,pg_ts_template,0,0,0,0,0,0,0,0,0,0,0,0,0,0,,,,
1415769760.94473,pg_catalog,pg_foreign_server,0,0,0,0,0,0,0,0,0,0,0,0,0,0,,,,
1415769760.94473,pg_catalog,pg_namespace,14,672,1028,936,0,0,0,0,0,0,1,949,5,1142,,,,
1415769760.94473,pg_toast,pg_toast_2619,0,0,124,297,202,0,248,0,219,8,103,940,10,689,,,,
1415769760.94473,public,partsupp,3,24000000,0,0,8000000,0,0,0,8000000,0,340611,954509,0,0,,,,
1415769760.94473,pg_catalog,pg_authid,10,10,203,203,0,0,0,0,0,0,2,211,8,398,,,,
1415769760.94473,pg_catalog,pg_default_acl,0,0,40,0,0,0,0,0,0,0,0,0,1,39,,,,
1415769760.94473,public,time_statistics,0,0,,,1,0,0,0,1,0,1,0,,,,,,
1415769760.94473,pg_catalog,pg_shdepend,0,0,75,10,0,0,0,0,0,0,1,9,4,91,,,,
1415769760.94473,pg_catalog,pg_constraint,0,0,15,8,7,0,8,0,7,8,4,40,8,71,0,0,0,0
1415769760.94473,pg_catalog,pg_index,58,3968,1056,1328,22,0,28,0,22,28,13,1424,6,1285,,,,
1415769760.94473,pg_catalog,pg_ts_dict,0,0,0,0,0,0,0,0,0,0,0,0,0,0,,,,
1415769760.94473,pg_toast,pg_toast_2604,0,0,0,0,0,0,0,0,0,0,0,0,0,0,,,,
1415769760.94473,public,orders,4,60000000,0,0,15000000,0,0,0,15000000,0,504554,1558780,0,0,,,,
1415769760.94473,pg_toast,pg_toast_11732,0,0,0,0,0,0,0,0,0,0,0,0,0,0,,,,
1415769760.94473,pg_catalog,pg_proc,0,0,506,729,0,0,0,0,0,0,31,605,24,1067,0,0,0,0
1415769820.95263,pg_catalog,pg_attrdef,0,0,0,0,0,0,0,0,0,0,0,0,0,0,0,0,0,0
1415769820.95263,pg_catalog,pg_db_role_setting,0,0,484,0,0,0,0,0,0,0,0,0,2,482,0,0,0,0
1415769820.95263,pg_catalog,pg_rowsecurity,0,0,0,0,0,0,0,0,0,0,0,0,0,0,,,,
1415769820.95263,pg_catalog,pg_description,0,0,65,0,0,0,0,0,0,0,0,0,3,137,0,0,0,0
1415769820.95263,pg_catalog,pg_foreign_data_wrapper,0,0,0,0,0,0,0,0,0,0,0,0,0,0,,,,
1415769820.95263,pg_catalog,pg_conversion,0,0,0,0,0,0,0,0,0,0,0,0,0,0,,,,
1415769820.95263,information_schema,sql_features,0,0,,,0,0,0,0,0,0,0,0,,,0,0,0,0
1415769820.95263,pg_catalog,pg_class,116,21377,3757,3609,34,0,38,0,34,36,17,4780,21,7984,,,,
1415769820.95263,pg_catalog,pg_opfamily,0,0,0,0,0,0,0,0,0,0,0,0,0,0,,,,
1415769820.95263,pg_catalog,pg_auth_members,0,0,0,0,0,0,0,0,0,0,0,0,0,0,,,,
1415769820.95263,pg_catalog,pg_operator,0,0,182,265,0,0,0,0,0,0,25,214,14,430,,,,
1415769820.95263,information_schema,sql_packages,0,0,,,0,0,0,0,0,0,0,0,,,0,0,0,0
1415769820.95263,pg_catalog,pg_attribute,44,300,2751,6854,170,8,178,8,2506,296,78,4002,25,6342,,,,
1415769820.95263,pg_catalog,pg_tablespace,0,0,38,38,0,0,0,0,0,0,2,36,5,73,,,,
1415769820.95263,pg_catalog,pg_statistic,0,0,273,235,47,21,66,21,47,57,26,347,7,689,103,943,10,698
1415769820.95263,pg_catalog,pg_aggregate,0,0,7,7,0,0,0,0,0,0,1,6,2,12,,,,
1415769820.95263,pg_catalog,pg_inherits,0,0,10,0,0,0,0,0,0,0,0,0,1,9,,,,
1415769820.95263,information_schema,sql_sizing,0,0,,,0,0,0,0,0,0,0,0,,,0,0,0,0
1415769820.95263,pg_catalog,pg_enum,0,0,0,0,0,0,0,0,0,0,0,0,0,0,,,,
1415769820.95263,pg_toast,pg_toast_2396,0,0,0,0,0,0,0,0,0,0,0,0,0,0,,,,
1415769820.95263,pg_catalog,pg_pltemplate,0,0,0,0,0,0,0,0,0,0,0,0,0,0,,,,
1415769820.95263,public,region,2,10,0,0,5,0,0,0,5,0,1,3,0,0,,,,
1415769820.95263,pg_toast,pg_toast_2618,0,0,38,120,0,0,0,0,0,0,8,39,2,60,,,,
1415769820.95263,pg_toast,pg_toast_3596,0,0,0,0,0,0,0,0,0,0,0,0,0,0,,,,
1415769820.95263,public,supplier,4,400000,0,0,100000,0,0,0,100000,0,2312,15648,0,0,,,,
1415769820.95263,public,nation,2,50,0,0,25,0,0,0,25,0,1,3,0,0,,,,
1415769820.95263,pg_toast,pg_toast_11747,0,0,0,0,0,0,0,0,0,0,0,0,0,0,,,,
1415769820.95263,pg_toast,pg_toast_11727,0,0,0,0,0,0,0,0,0,0,0,0,0,0,,,,
1415769820.95263,pg_toast,pg_toast_2606,0,0,0,0,0,0,0,0,0,0,0,0,0,0,,,,
1415769820.95263,pg_toast,pg_toast_2964,0,0,0,0,0,0,0,0,0,0,0,0,0,0,,,,
1415769820.95263,pg_catalog,pg_database,24,84,430,430,0,0,0,0,0,0,0,454,8,662,,,,
1415769820.95263,information_schema,sql_parts,0,0,,,0,0,0,0,0,0,0,0,,,0,0,0,0
1415769820.95263,pg_toast,pg_toast_2620,0,0,0,0,0,0,0,0,0,0,0,0,0,0,,,,
1415769820.95263,pg_toast,pg_toast_11737,0,0,0,0,0,0,0,0,0,0,0,0,0,0,,,,
1415769820.95263,pg_catalog,pg_depend,0,0,482,520,78,0,90,0,78,90,21,852,24,1348,,,,
1415769820.95263,pg_catalog,pg_language,0,0,0,0,0,0,0,0,0,0,0,0,0,0,,,,
1415769820.95263,information_schema,sql_implementation_info,0,0,,,0,0,0,0,0,0,0,0,,,0,0,0,0
1415769820.95263,pg_catalog,pg_amproc,8,16,355,581,0,0,0,0,0,0,6,364,6,821,,,,
1415769820.95263,pg_catalog,pg_collation,0,0,0,0,0,0,0,0,0,0,0,0,0,0,,,,
1415769820.95263,pg_catalog,pg_range,0,0,0,0,0,0,0,0,0,0,0,0,0,0,,,,
1415769820.95263,pg_toast,pg_toast_2609,0,0,0,0,0,0,0,0,0,0,0,0,0,0,,,,
1415769820.95263,pg_catalog,pg_opclass,8,8,463,5095,0,0,0,0,0,0,4,1819,6,629,,,,
1415769820.95263,pg_toast,pg_toast_11752,0,0,0,0,0,0,0,0,0,0,0,0,0,0,,,,
1415769820.95263,pg_catalog,pg_rewrite,0,0,52,52,0,0,0,0,0,0,5,47,2,88,8,39,4,120
1415769820.95263,pg_toast,pg_toast_1255,0,0,0,0,0,0,0,0,0,0,0,0,0,0,,,,
1415769820.95263,pg_catalog,pg_seclabel,0,0,65,0,0,0,0,0,0,0,0,0,1,64,0,0,0,0
1415769820.95263,information_schema,sql_languages,0,0,,,0,0,0,0,0,0,0,0,,,0,0,0,0
1415769820.95263,pg_catalog,pg_ts_parser,0,0,0,0,0,0,0,0,0,0,0,0,0,0,,,,
1415769820.95263,public,customer,6,9000000,0,0,1500000,0,0,0,1500000,0,68533,294857,0,0,,,,
1415769820.95263,pg_catalog,pg_trigger,0,0,0,0,0,0,0,0,0,0,0,0,0,0,0,0,0,0
1415769820.95263,pg_catalog,pg_shseclabel,0,0,0,0,0,0,0,0,0,0,0,0,0,0,,,,
1415769820.95263,pg_catalog,pg_event_trigger,0,0,44,0,0,0,0,0,0,0,0,0,1,43,,,,
1415769820.95263,pg_toast,pg_toast_11742,0,0,0,0,0,0,0,0,0,0,0,0,0,0,,,,
1415769820.95263,pg_catalog,pg_foreign_table,0,0,0,0,0,0,0,0,0,0,0,0,0,0,,,,
1415769820.95263,information_schema,sql_sizing_profiles,0,0,,,0,0,0,0,0,0,0,0,,,0,0,0,0
1415769820.95263,pg_catalog,pg_extension,0,0,0,0,0,0,0,0,0,0,0,0,0,0,,,,
1415769820.95263,pg_catalog,pg_ts_config,0,0,0,0,0,0,0,0,0,0,0,0,0,0,,,,
1415769820.95263,pg_catalog,pg_shdescription,0,0,0,0,0,0,0,0,0,0,0,0,0,0,0,0,0,0
1415769820.95263,public,part,6,12000000,0,0,2000000,0,0,0,2000000,0,79007,327715,0,0,,,,
1415769820.95263,pg_catalog,pg_cast,0,0,1727,485,0,0,0,0,0,0,3,482,4,1795,,,,
1415769820.95263,pg_catalog,pg_amop,0,0,389,458,0,0,0,0,0,0,4,454,7,847,,,,
1415769820.95263,pg_catalog,pg_user_mapping,0,0,0,0,0,0,0,0,0,0,0,0,0,0,,,,
1415769820.95263,pg_catalog,pg_type,0,0,1010,960,19,0,19,0,19,19,12,1035,12,2209,,,,
1415769820.95263,pg_catalog,pg_largeobject,0,0,0,0,0,0,0,0,0,0,0,0,0,0,,,,
1415769820.95263,public,lineitem,4,239944208,0,0,59986052,0,0,0,59986052,0,2296681,5338552,0,0,,,,
1415769820.95263,pg_catalog,pg_ts_config_map,0,0,0,0,0,0,0,0,0,0,0,0,0,0,,,,
1415769820.95263,pg_catalog,pg_largeobject_metadata,0,0,0,0,0,0,0,0,0,0,0,0,0,0,,,,
1415769820.95263,pg_catalog,pg_am,141,141,0,0,0,0,0,0,0,0,2,139,0,0,,,,
1415769820.95263,pg_toast,pg_toast_11722,0,0,0,0,0,0,0,0,0,0,0,0,0,0,,,,
1415769820.95263,pg_catalog,pg_ts_template,0,0,0,0,0,0,0,0,0,0,0,0,0,0,,,,
1415769820.95263,pg_catalog,pg_foreign_server,0,0,0,0,0,0,0,0,0,0,0,0,0,0,,,,
1415769820.95263,pg_catalog,pg_namespace,16,768,1188,1088,0,0,0,0,0,0,1,1103,5,1313,,,,
1415769820.95263,pg_toast,pg_toast_2619,0,0,127,303,202,0,248,0,219,8,103,943,10,698,,,,
1415769820.95263,public,partsupp,3,24000000,0,0,8000000,0,0,0,8000000,0,340611,954509,0,0,,,,
1415769820.95263,pg_catalog,pg_authid,11,11,213,213,0,0,0,0,0,0,2,222,8,418,,,,
1415769820.95263,pg_catalog,pg_default_acl,0,0,40,0,0,0,0,0,0,0,0,0,1,39,,,,
1415769820.95263,public,time_statistics,0,0,,,1,0,0,0,1,0,1,0,,,,,,
1415769820.95263,pg_catalog,pg_shdepend,0,0,75,10,0,0,0,0,0,0,1,9,4,91,,,,
1415769820.95263,pg_catalog,pg_constraint,0,0,15,8,7,0,8,0,7,8,4,40,8,71,0,0,0,0
1415769820.95263,pg_catalog,pg_index,63,4653,1123,1420,24,0,28,0,24,28,13,1534,6,1370,,,,
1415769820.95263,pg_catalog,pg_ts_dict,0,0,0,0,0,0,0,0,0,0,0,0,0,0,,,,
1415769820.95263,pg_toast,pg_toast_2604,0,0,0,0,0,0,0,0,0,0,0,0,0,0,,,,
1415769820.95263,public,orders,4,60000000,0,0,15000000,0,0,0,15000000,0,504554,1558780,0,0,,,,
1415769820.95263,pg_toast,pg_toast_11732,0,0,0,0,0,0,0,0,0,0,0,0,0,0,,,,
1415769820.95263,pg_catalog,pg_proc,0,0,590,855,0,0,0,0,0,0,31,713,24,1247,0,0,0,0
1415769880.95851,pg_catalog,pg_attrdef,0,0,0,0,0,0,0,0,0,0,0,0,0,0,0,0,0,0
1415769880.95851,pg_catalog,pg_db_role_setting,0,0,512,0,0,0,0,0,0,0,0,0,2,510,0,0,0,0
1415769880.95851,pg_catalog,pg_rowsecurity,0,0,0,0,0,0,0,0,0,0,0,0,0,0,,,,
1415769880.95851,pg_catalog,pg_description,0,0,65,0,0,0,0,0,0,0,0,0,3,137,0,0,0,0
1415769880.95851,pg_catalog,pg_foreign_data_wrapper,0,0,0,0,0,0,0,0,0,0,0,0,0,0,,,,
1415769880.95851,pg_catalog,pg_conversion,0,0,0,0,0,0,0,0,0,0,0,0,0,0,,,,
1415769880.95851,information_schema,sql_features,0,0,,,0,0,0,0,0,0,0,0,,,0,0,0,0
1415769880.95851,pg_catalog,pg_class,127,24728,4129,3978,35,0,38,0,35,36,17,5277,21,8754,,,,
1415769880.95851,pg_catalog,pg_opfamily,0,0,0,0,0,0,0,0,0,0,0,0,0,0,,,,
1415769880.95851,pg_catalog,pg_auth_members,0,0,0,0,0,0,0,0,0,0,0,0,0,0,,,,
1415769880.95851,pg_catalog,pg_operator,0,0,201,284,0,0,0,0,0,0,25,233,14,478,,,,
1415769880.95851,information_schema,sql_packages,0,0,,,0,0,0,0,0,0,0,0,,,0,0,0,0
1415769880.95851,pg_catalog,pg_attribute,44,300,2982,7337,172,8,178,8,2508,296,78,4246,25,6821,,,,
1415769880.95851,pg_catalog,pg_tablespace,0,0,43,43,0,0,0,0,0,0,2,41,5,83,,,,
1415769880.95851,pg_catalog,pg_statistic,0,0,305,259,47,21,66,21,47,57,26,371,7,760,103,947,10,710
1415769880.95851,pg_catalog,pg_aggregate,0,0,8,8,0,0,0,0,0,0,1,7,2,14,,,,
1415769880.95851,pg_catalog,pg_inherits,0,0,10,0,0,0,0,0,0,0,0,0,1,9,,,,
1415769880.95851,information_schema,sql_sizing,0,0,,,0,0,0,0,0,0,0,0,,,0,0,0,0
1415769880.95851,pg_catalog,pg_enum,0,0,0,0,0,0,0,0,0,0,0,0,0,0,,,,
1415769880.95851,pg_toast,pg_toast_2396,0,0,0,0,0,0,0,0,0,0,0,0,0,0,,,,
1415769880.95851,pg_catalog,pg_pltemplate,0,0,0,0,0,0,0,0,0,0,0,0,0,0,,,,
1415769880.95851,public,region,2,10,0,0,5,0,0,0,5,0,1,3,0,0,,,,
1415769880.95851,pg_toast,pg_toast_2618,0,0,43,136,0,0,0,0,0,0,8,45,2,68,,,,
1415769880.95851,pg_toast,pg_toast_3596,0,0,0,0,0,0,0,0,0,0,0,0,0,0,,,,
1415769880.95851,public,supplier,4,400000,0,0,100000,0,0,0,100000,0,2312,15648,0,0,,,,
1415769880.95851,public,nation,2,50,0,0,25,0,0,0,25,0,1,3,0,0,,,,
1415769880.95851,pg_toast,pg_toast_11747,0,0,0,0,0,0,0,0,0,0,0,0,0,0,,,,
1415769880.95851,pg_toast,pg_toast_11727,0,0,0,0,0,0,0,0,0,0,0,0,0,0,,,,
1415769880.95851,pg_toast,pg_toast_2606,0,0,0,0,0,0,0,0,0,0,0,0,0,0,,,,
1415769880.95851,pg_toast,pg_toast_2964,0,0,0,0,0,0,0,0,0,0,0,0,0,0,,,,
1415769880.95851,pg_catalog,pg_database,27,96,462,462,0,0,0,0,0,0,0,489,8,708,,,,
1415769880.95851,information_schema,sql_parts,0,0,,,0,0,0,0,0,0,0,0,,,0,0,0,0
1415769880.95851,pg_toast,pg_toast_2620,0,0,0,0,0,0,0,0,0,0,0,0,0,0,,,,
1415769880.95851,pg_toast,pg_toast_11737,0,0,0,0,0,0,0,0,0,0,0,0,0,0,,,,
1415769880.95851,pg_catalog,pg_depend,0,0,486,524,80,0,90,0,80,90,21,861,24,1366,,,,
1415769880.95851,pg_catalog,pg_language,0,0,0,0,0,0,0,0,0,0,0,0,0,0,,,,
1415769880.95851,information_schema,sql_implementation_info,0,0,,,0,0,0,0,0,0,0,0,,,0,0,0,0
1415769880.95851,pg_catalog,pg_amproc,8,16,378,617,0,0,0,0,0,0,6,387,6,873,,,,
1415769880.95851,pg_catalog,pg_collation,0,0,0,0,0,0,0,0,0,0,0,0,0,0,,,,
1415769880.95851,pg_catalog,pg_range,0,0,0,0,0,0,0,0,0,0,0,0,0,0,,,,
1415769880.95851,pg_toast,pg_toast_2609,0,0,0,0,0,0,0,0,0,0,0,0,0,0,,,,
1415769880.95851,pg_catalog,pg_opclass,8,8,492,5458,0,0,0,0,0,0,4,1952,6,669,,,,
1415769880.95851,pg_toast,pg_toast_11752,0,0,0,0,0,0,0,0,0,0,0,0,0,0,,,,
1415769880.95851,pg_catalog,pg_rewrite,0,0,60,60,0,0,0,0,0,0,5,55,2,102,8,45,4,136
1415769880.95851,pg_toast,pg_toast_1255,0,0,0,0,0,0,0,0,0,0,0,0,0,0,,,,
1415769880.95851,pg_catalog,pg_seclabel,0,0,65,0,0,0,0,0,0,0,0,0,1,64,0,0,0,0
1415769880.95851,information_schema,sql_languages,0,0,,,0,0,0,0,0,0,0,0,,,0,0,0,0
1415769880.95851,pg_catalog,pg_ts_parser,0,0,0,0,0,0,0,0,0,0,0,0,0,0,,,,
1415769880.95851,public,customer,6,9000000,0,0,1500000,0,0,0,1500000,0,68533,294857,0,0,,,,
1415769880.95851,pg_catalog,pg_trigger,0,0,0,0,0,0,0,0,0,0,0,0,0,0,0,0,0,0
1415769880.95851,pg_catalog,pg_shseclabel,0,0,0,0,0,0,0,0,0,0,0,0,0,0,,,,
1415769880.95851,pg_catalog,pg_event_trigger,0,0,45,0,0,0,0,0,0,0,0,0,1,44,,,,
1415769880.95851,pg_toast,pg_toast_11742,0,0,0,0,0,0,0,0,0,0,0,0,0,0,,,,
1415769880.95851,pg_catalog,pg_foreign_table,0,0,0,0,0,0,0,0,0,0,0,0,0,0,,,,
1415769880.95851,information_schema,sql_sizing_profiles,0,0,,,0,0,0,0,0,0,0,0,,,0,0,0,0
1415769880.95851,pg_catalog,pg_extension,0,0,0,0,0,0,0,0,0,0,0,0,0,0,,,,
1415769880.95851,pg_catalog,pg_ts_config,0,0,0,0,0,0,0,0,0,0,0,0,0,0,,,,
1415769880.95851,pg_catalog,pg_shdescription,0,0,0,0,0,0,0,0,0,0,0,0,0,0,0,0,0,0
1415769880.95851,public,part,6,12000000,0,0,2000000,0,0,0,2000000,0,79007,327715,0,0,,,,
1415769880.95851,pg_catalog,pg_cast,0,0,1845,526,0,0,0,0,0,0,3,523,4,1920,,,,
1415769880.95851,pg_catalog,pg_amop,0,0,438,519,0,0,0,0,0,0,4,515,7,957,,,,
1415769880.95851,pg_catalog,pg_user_mapping,0,0,0,0,0,0,0,0,0,0,0,0,0,0,,,,
1415769880.95851,pg_catalog,pg_type,0,0,1124,1074,19,0,19,0,19,19,12,1149,12,2444,,,,
1415769880.95851,pg_catalog,pg_largeobject,0,0,0,0,0,0,0,0,0,0,0,0,0,0,,,,
1415769880.95851,public,lineitem,5,299930260,0,0,59986052,0,0,0,59986052,0,2480628,6220022,0,0,,,,
1415769880.95851,pg_catalog,pg_ts_config_map,0,0,0,0,0,0,0,0,0,0,0,0,0,0,,,,
1415769880.95851,pg_catalog,pg_largeobject_metadata,0,0,0,0,0,0,0,0,0,0,0,0,0,0,,,,
1415769880.95851,pg_catalog,pg_am,148,148,0,0,0,0,0,0,0,0,2,146,0,0,,,,
1415769880.95851,pg_toast,pg_toast_11722,0,0,0,0,0,0,0,0,0,0,0,0,0,0,,,,
1415769880.95851,pg_catalog,pg_ts_template,0,0,0,0,0,0,0,0,0,0,0,0,0,0,,,,
1415769880.95851,pg_catalog,pg_foreign_server,0,0,0,0,0,0,0,0,0,0,0,0,0,0,,,,
1415769880.95851,pg_catalog,pg_namespace,18,864,1348,1241,0,0,0,0,0,0,1,1258,5,1483,,,,
1415769880.95851,pg_toast,pg_toast_2619,0,0,131,311,202,0,248,0,219,8,103,947,10,710,,,,
1415769880.95851,public,partsupp,3,24000000,0,0,8000000,0,0,0,8000000,0,340611,954509,0,0,,,,
1415769880.95851,pg_catalog,pg_authid,12,12,223,223,0,0,0,0,0,0,2,233,8,438,,,,
1415769880.95851,pg_catalog,pg_default_acl,0,0,40,0,0,0,0,0,0,0,0,0,1,39,,,,
1415769880.95851,public,time_statistics,0,0,,,1,0,0,0,1,0,1,0,,,,,,
1415769880.95851,pg_catalog,pg_shdepend,0,0,75,10,0,0,0,0,0,0,1,9,4,91,,,,
1415769880.95851,pg_catalog,pg_constraint,0,0,15,8,7,0,8,0,7,8,4,40,8,71,0,0,0,0
1415769880.95851,pg_catalog,pg_index,68,5348,1181,1498,25,0,28,0,25,28,13,1631,6,1443,,,,
1415769880.95851,pg_catalog,pg_ts_dict,0,0,0,0,0,0,0,0,0,0,0,0,0,0,,,,
1415769880.95851,pg_toast,pg_toast_2604,0,0,0,0,0,0,0,0,0,0,0,0,0,0,,,,
1415769880.95851,public,orders,4,60000000,0,0,15000000,0,0,0,15000000,0,504554,1558780,0,0,,,,
1415769880.95851,pg_toast,pg_toast_11732,0,0,0,0,0,0,0,0,0,0,0,0,0,0,,,,
1415769880.95851,pg_catalog,pg_proc,0,0,674,981,0,0,0,0,0,0,31,821,24,1427,0,0,0,0
1415769940.96063,pg_catalog,pg_attrdef,0,0,0,0,0,0,0,0,0,0,0,0,0,0,0,0,0,0
1415769940.96063,pg_catalog,pg_db_role_setting,0,0,540,0,0,0,0,0,0,0,0,0,2,538,0,0,0,0
1415769940.96063,pg_catalog,pg_rowsecurity,0,0,0,0,0,0,0,0,0,0,0,0,0,0,,,,
1415769940.96063,pg_catalog,pg_description,0,0,65,0,0,0,0,0,0,0,0,0,3,137,0,0,0,0
1415769940.96063,pg_catalog,pg_foreign_data_wrapper,0,0,0,0,0,0,0,0,0,0,0,0,0,0,,,,
1415769940.96063,pg_catalog,pg_conversion,0,0,0,0,0,0,0,0,0,0,0,0,0,0,,,,
1415769940.96063,information_schema,sql_features,0,0,,,0,0,0,0,0,0,0,0,,,0,0,0,0
1415769940.96063,pg_catalog,pg_class,137,27751,4474,4323,35,0,38,0,35,36,17,5733,21,9460,,,,
1415769940.96063,pg_catalog,pg_opfamily,0,0,0,0,0,0,0,0,0,0,0,0,0,0,,,,
1415769940.96063,pg_catalog,pg_auth_members,0,0,0,0,0,0,0,0,0,0,0,0,0,0,,,,
1415769940.96063,pg_catalog,pg_operator,0,0,218,301,0,0,0,0,0,0,25,250,14,520,,,,
1415769940.96063,information_schema,sql_packages,0,0,,,0,0,0,0,0,0,0,0,,,0,0,0,0
1415769940.96063,pg_catalog,pg_attribute,44,300,3188,7675,172,8,178,8,2508,296,78,4459,25,7241,,,,
1415769940.96063,pg_catalog,pg_tablespace,0,0,48,48,0,0,0,0,0,0,2,46,5,93,,,,
1415769940.96063,pg_catalog,pg_statistic,0,0,330,278,47,21,66,21,47,57,26,390,7,815,103,950,10,719
1415769940.96063,pg_catalog,pg_aggregate,0,0,9,9,0,0,0,0,0,0,1,8,2,16,,,,
1415769940.96063,pg_catalog,pg_inherits,0,0,10,0,0,0,0,0,0,0,0,0,1,9,,,,
1415769940.96063,information_schema,sql_sizing,0,0,,,0,0,0,0,0,0,0,0,,,0,0,0,0
1415769940.96063,pg_catalog,pg_enum,0,0,0,0,0,0,0,0,0,0,0,0,0,0,,,,
1415769940.96063,pg_toast,pg_toast_2396,0,0,0,0,0,0,0,0,0,0,0,0,0,0,,,,
1415769940.96063,pg_catalog,pg_pltemplate,0,0,0,0,0,0,0,0,0,0,0,0,0,0,,,,
1415769940.96063,public,region,2,10,0,0,5,0,0,0,5,0,1,3,0,0,,,,
1415769940.96063,pg_toast,pg_toast_2618,0,0,48,152,0,0,0,0,0,0,8,51,2,76,,,,
1415769940.96063,pg_toast,pg_toast_3596,0,0,0,0,0,0,0,0,0,0,0,0,0,0,,,,
1415769940.96063,public,supplier,4,400000,0,0,100000,0,0,0,100000,0,2312,15648,0,0,,,,
1415769940.96063,public,nation,2,50,0,0,25,0,0,0,25,0,1,3,0,0,,,,
1415769940.96063,pg_toast,pg_toast_11747,0,0,0,0,0,0,0,0,0,0,0,0,0,0,,,,
1415769940.96063,pg_toast,pg_toast_11727,0,0,0,0,0,0,0,0,0,0,0,0,0,0,,,,
1415769940.96063,pg_toast,pg_toast_2606,0,0,0,0,0,0,0,0,0,0,0,0,0,0,,,,
1415769940.96063,pg_toast,pg_toast_2964,0,0,0,0,0,0,0,0,0,0,0,0,0,0,,,,
1415769940.96063,pg_catalog,pg_database,30,108,491,491,0,0,0,0,0,0,0,521,8,751,,,,
1415769940.96063,information_schema,sql_parts,0,0,,,0,0,0,0,0,0,0,0,,,0,0,0,0
1415769940.96063,pg_toast,pg_toast_2620,0,0,0,0,0,0,0,0,0,0,0,0,0,0,,,,
1415769940.96063,pg_toast,pg_toast_11737,0,0,0,0,0,0,0,0,0,0,0,0,0,0,,,,
1415769940.96063,pg_catalog,pg_depend,0,0,486,524,80,0,90,0,80,90,21,861,24,1366,,,,
1415769940.96063,pg_catalog,pg_language,0,0,0,0,0,0,0,0,0,0,0,0,0,0,,,,
1415769940.96063,information_schema,sql_implementation_info,0,0,,,0,0,0,0,0,0,0,0,,,0,0,0,0
1415769940.96063,pg_catalog,pg_amproc,8,16,395,644,0,0,0,0,0,0,6,404,6,913,,,,
1415769940.96063,pg_catalog,pg_collation,0,0,0,0,0,0,0,0,0,0,0,0,0,0,,,,
1415769940.96063,pg_catalog,pg_range,0,0,0,0,0,0,0,0,0,0,0,0,0,0,,,,
1415769940.96063,pg_toast,pg_toast_2609,0,0,0,0,0,0,0,0,0,0,0,0,0,0,,,,
1415769940.96063,pg_catalog,pg_opclass,8,8,510,5643,0,0,0,0,0,0,4,2022,6,696,,,,
1415769940.96063,pg_toast,pg_toast_11752,0,0,0,0,0,0,0,0,0,0,0,0,0,0,,,,
1415769940.96063,pg_catalog,pg_rewrite,0,0,67,67,0,0,0,0,0,0,5,62,2,114,8,51,4,152
1415769940.96063,pg_toast,pg_toast_1255,0,0,0,0,0,0,0,0,0,0,0,0,0,0,,,,
1415769940.96063,pg_catalog,pg_seclabel,0,0,65,0,0,0,0,0,0,0,0,0,1,64,0,0,0,0
1415769940.96063,information_schema,sql_languages,0,0,,,0,0,0,0,0,0,0,0,,,0,0,0,0
1415769940.96063,pg_catalog,pg_ts_parser,0,0,0,0,0,0,0,0,0,0,0,0,0,0,,,,
1415769940.96063,public,customer,6,9000000,0,0,1500000,0,0,0,1500000,0,68533,294857,0,0,,,,
1415769940.96063,pg_catalog,pg_trigger,0,0,0,0,0,0,0,0,0,0,0,0,0,0,0,0,0,0
1415769940.96063,pg_catalog,pg_shseclabel,0,0,0,0,0,0,0,0,0,0,0,0,0,0,,,,
1415769940.96063,pg_catalog,pg_event_trigger,0,0,45,0,0,0,0,0,0,0,0,0,1,44,,,,
1415769940.96063,pg_toast,pg_toast_11742,0,0,0,0,0,0,0,0,0,0,0,0,0,0,,,,
1415769940.96063,pg_catalog,pg_foreign_table,0,0,0,0,0,0,0,0,0,0,0,0,0,0,,,,
1415769940.96063,information_schema,sql_sizing_profiles,0,0,,,0,0,0,0,0,0,0,0,,,0,0,0,0
1415769940.96063,pg_catalog,pg_extension,0,0,0,0,0,0,0,0,0,0,0,0,0,0,,,,
1415769940.96063,pg_catalog,pg_ts_config,0,0,0,0,0,0,0,0,0,0,0,0,0,0,,,,
1415769940.96063,pg_catalog,pg_shdescription,0,0,0,0,0,0,0,0,0,0,0,0,0,0,0,0,0,0
1415769940.96063,public,part,6,12000000,0,0,2000000,0,0,0,2000000,0,79007,327715,0,0,,,,
1415769940.96063,pg_catalog,pg_cast,0,0,1914,554,0,0,0,0,0,0,3,551,4,1994,,,,
1415769940.96063,pg_catalog,pg_amop,0,0,471,560,0,0,0,0,0,0,4,556,7,1031,,,,
1415769940.96063,pg_catalog,pg_user_mapping,0,0,0,0,0,0,0,0,0,0,0,0,0,0,,,,
1415769940.96063,pg_catalog,pg_type,0,0,1216,1166,19,0,19,0,19,19,12,1241,12,2633,,,,
1415769940.96063,pg_catalog,pg_largeobject,0,0,0,0,0,0,0,0,0,0,0,0,0,0,,,,
1415769940.96063,public,lineitem,5,299930260,0,0,59986052,0,0,0,59986052,0,2480628,6220022,0,0,,,,
1415769940.96063,pg_catalog,pg_ts_config_map,0,0,0,0,0,0,0,0,0,0,0,0,0,0,,,,
1415769940.96063,pg_catalog,pg_largeobject_metadata,0,0,0,0,0,0,0,0,0,0,0,0,0,0,,,,
1415769940.96063,pg_catalog,pg_am,154,154,0,0,0,0,0,0,0,0,2,152,0,0,,,,
1415769940.96063,pg_toast,pg_toast_11722,0,0,0,0,0,0,0,0,0,0,0,0,0,0,,,,
1415769940.96063,pg_catalog,pg_ts_template,0,0,0,0,0,0,0,0,0,0,0,0,0,0,,,,
1415769940.96063,pg_catalog,pg_foreign_server,0,0,0,0,0,0,0,0,0,0,0,0,0,0,,,,
1415769940.96063,pg_catalog,pg_namespace,20,960,1504,1392,0,0,0,0,0,0,1,1411,5,1647,,,,
1415769940.96063,pg_toast,pg_toast_2619,0,0,134,317,202,0,248,0,219,8,103,950,10,719,,,,
1415769940.96063,public,partsupp,3,24000000,0,0,8000000,0,0,0,8000000,0,340611,954509,0,0,,,,
1415769940.96063,pg_catalog,pg_authid,13,13,233,233,0,0,0,0,0,0,2,244,8,458,,,,
1415769940.96063,pg_catalog,pg_default_acl,0,0,40,0,0,0,0,0,0,0,0,0,1,39,,,,
1415769940.96063,public,time_statistics,0,0,,,1,0,0,0,1,0,1,0,,,,,,
1415769940.96063,pg_catalog,pg_shdepend,0,0,75,10,0,0,0,0,0,0,1,9,4,91,,,,
1415769940.96063,pg_catalog,pg_constraint,0,0,15,8,7,0,8,0,7,8,4,40,8,71,0,0,0,0
1415769940.96063,pg_catalog,pg_index,73,6048,1225,1555,25,0,28,0,25,28,13,1710,6,1498,,,,
1415769940.96063,pg_catalog,pg_ts_dict,0,0,0,0,0,0,0,0,0,0,0,0,0,0,,,,
1415769940.96063,pg_toast,pg_toast_2604,0,0,0,0,0,0,0,0,0,0,0,0,0,0,,,,
1415769940.96063,public,orders,4,60000000,0,0,15000000,0,0,0,15000000,0,504554,1558780,0,0,,,,
1415769940.96063,pg_toast,pg_toast_11732,0,0,0,0,0,0,0,0,0,0,0,0,0,0,,,,
1415769940.96063,pg_catalog,pg_proc,0,0,752,1094,0,0,0,0,0,0,31,919,24,1593,0,0,0,0
1415770000.96318,pg_catalog,pg_attrdef,0,0,0,0,0,0,0,0,0,0,0,0,0,0,0,0,0,0
1415770000.96318,pg_catalog,pg_db_role_setting,0,0,568,0,0,0,0,0,0,0,0,0,2,566,0,0,0,0
1415770000.96318,pg_catalog,pg_rowsecurity,0,0,0,0,0,0,0,0,0,0,0,0,0,0,,,,
1415770000.96318,pg_catalog,pg_description,0,0,65,0,0,0,0,0,0,0,0,0,3,137,0,0,0,0
1415770000.96318,pg_catalog,pg_foreign_data_wrapper,0,0,0,0,0,0,0,0,0,0,0,0,0,0,,,,
1415770000.96318,pg_catalog,pg_conversion,0,0,0,0,0,0,0,0,0,0,0,0,0,0,,,,
1415770000.96318,information_schema,sql_features,0,0,,,0,0,0,0,0,0,0,0,,,0,0,0,0
1415770000.96318,pg_catalog,pg_class,147,30774,4811,4660,35,0,38,0,35,36,17,6181,21,10149,,,,
1415770000.96318,pg_catalog,pg_opfamily,0,0,0,0,0,0,0,0,0,0,0,0,0,0,,,,
1415770000.96318,pg_catalog,pg_auth_members,0,0,0,0,0,0,0,0,0,0,0,0,0,0,,,,
1415770000.96318,pg_catalog,pg_operator,0,0,234,317,0,0,0,0,0,0,25,266,14,559,,,,
1415770000.96318,information_schema,sql_packages,0,0,,,0,0,0,0,0,0,0,0,,,0,0,0,0
1415770000.96318,pg_catalog,pg_attribute,44,300,3376,7975,172,8,178,8,2508,296,78,4654,25,7623,,,,
1415770000.96318,pg_catalog,pg_tablespace,0,0,53,53,0,0,0,0,0,0,2,51,5,103,,,,
1415770000.96318,pg_catalog,pg_statistic,0,0,351,295,47,21,66,21,47,57,26,407,7,861,103,953,10,728
1415770000.96318,pg_catalog,pg_aggregate,0,0,10,10,0,0,0,0,0,0,1,9,2,18,,,,
1415770000.96318,pg_catalog,pg_inherits,0,0,10,0,0,0,0,0,0,0,0,0,1,9,,,,
1415770000.96318,information_schema,sql_sizing,0,0,,,0,0,0,0,0,0,0,0,,,0,0,0,0
1415770000.96318,pg_catalog,pg_enum,0,0,0,0,0,0,0,0,0,0,0,0,0,0,,,,
1415770000.96318,pg_toast,pg_toast_2396,0,0,0,0,0,0,0,0,0,0,0,0,0,0,,,,
1415770000.96318,pg_catalog,pg_pltemplate,0,0,0,0,0,0,0,0,0,0,0,0,0,0,,,,
1415770000.96318,public,region,2,10,0,0,5,0,0,0,5,0,1,3,0,0,,,,
1415770000.96318,pg_toast,pg_toast_2618,0,0,52,166,0,0,0,0,0,0,8,56,2,82,,,,
1415770000.96318,pg_toast,pg_toast_3596,0,0,0,0,0,0,0,0,0,0,0,0,0,0,,,,
1415770000.96318,public,supplier,4,400000,0,0,100000,0,0,0,100000,0,2312,15648,0,0,,,,
1415770000.96318,public,nation,2,50,0,0,25,0,0,0,25,0,1,3,0,0,,,,
1415770000.96318,pg_toast,pg_toast_11747,0,0,0,0,0,0,0,0,0,0,0,0,0,0,,,,
1415770000.96318,pg_toast,pg_toast_11727,0,0,0,0,0,0,0,0,0,0,0,0,0,0,,,,
1415770000.96318,pg_toast,pg_toast_2606,0,0,0,0,0,0,0,0,0,0,0,0,0,0,,,,
1415770000.96318,pg_toast,pg_toast_2964,0,0,0,0,0,0,0,0,0,0,0,0,0,0,,,,
1415770000.96318,pg_catalog,pg_database,33,120,521,521,0,0,0,0,0,0,0,554,8,795,,,,
1415770000.96318,information_schema,sql_parts,0,0,,,0,0,0,0,0,0,0,0,,,0,0,0,0
1415770000.96318,pg_toast,pg_toast_2620,0,0,0,0,0,0,0,0,0,0,0,0,0,0,,,,
1415770000.96318,pg_toast,pg_toast_11737,0,0,0,0,0,0,0,0,0,0,0,0,0,0,,,,
1415770000.96318,pg_catalog,pg_depend,0,0,486,524,80,0,90,0,80,90,21,861,24,1366,,,,
1415770000.96318,pg_catalog,pg_language,0,0,0,0,0,0,0,0,0,0,0,0,0,0,,,,
1415770000.96318,information_schema,sql_implementation_info,0,0,,,0,0,0,0,0,0,0,0,,,0,0,0,0
1415770000.96318,pg_catalog,pg_amproc,8,16,410,668,0,0,0,0,0,0,6,419,6,949,,,,
1415770000.96318,pg_catalog,pg_collation,0,0,0,0,0,0,0,0,0,0,0,0,0,0,,,,
1415770000.96318,pg_catalog,pg_range,0,0,0,0,0,0,0,0,0,0,0,0,0,0,,,,
1415770000.96318,pg_toast,pg_toast_2609,0,0,0,0,0,0,0,0,0,0,0,0,0,0,,,,
1415770000.96318,pg_catalog,pg_opclass,8,8,527,5827,0,0,0,0,0,0,4,2091,6,722,,,,
1415770000.96318,pg_toast,pg_toast_11752,0,0,0,0,0,0,0,0,0,0,0,0,0,0,,,,
1415770000.96318,pg_catalog,pg_rewrite,0,0,73,73,0,0,0,0,0,0,5,68,2,124,8,56,4,164
1415770000.96318,pg_toast,pg_toast_1255,0,0,0,0,0,0,0,0,0,0,0,0,0,0,,,,
1415770000.96318,pg_catalog,pg_seclabel,0,0,65,0,0,0,0,0,0,0,0,0,1,64,0,0,0,0
1415770000.96318,information_schema,sql_languages,0,0,,,0,0,0,0,0,0,0,0,,,0,0,0,0
1415770000.96318,pg_catalog,pg_ts_parser,0,0,0,0,0,0,0,0,0,0,0,0,0,0,,,,
1415770000.96318,public,customer,6,9000000,0,0,1500000,0,0,0,1500000,0,68533,294857,0,0,,,,
1415770000.96318,pg_catalog,pg_trigger,0,0,0,0,0,0,0,0,0,0,0,0,0,0,0,0,0,0
1415770000.96318,pg_catalog,pg_shseclabel,0,0,0,0,0,0,0,0,0,0,0,0,0,0,,,,
1415770000.96318,pg_catalog,pg_event_trigger,0,0,45,0,0,0,0,0,0,0,0,0,1,44,,,,
1415770000.96318,pg_toast,pg_toast_11742,0,0,0,0,0,0,0,0,0,0,0,0,0,0,,,,
1415770000.96318,pg_catalog,pg_foreign_table,0,0,0,0,0,0,0,0,0,0,0,0,0,0,,,,
1415770000.96318,information_schema,sql_sizing_profiles,0,0,,,0,0,0,0,0,0,0,0,,,0,0,0,0
1415770000.96318,pg_catalog,pg_extension,0,0,0,0,0,0,0,0,0,0,0,0,0,0,,,,
1415770000.96318,pg_catalog,pg_ts_config,0,0,0,0,0,0,0,0,0,0,0,0,0,0,,,,
1415770000.96318,pg_catalog,pg_shdescription,0,0,0,0,0,0,0,0,0,0,0,0,0,0,0,0,0,0
1415770000.96318,public,part,6,12000000,0,0,2000000,0,0,0,2000000,0,79007,327715,0,0,,,,
1415770000.96318,pg_catalog,pg_cast,0,0,1976,577,0,0,0,0,0,0,3,574,4,2060,,,,
1415770000.96318,pg_catalog,pg_amop,0,0,498,593,0,0,0,0,0,0,4,589,7,1091,,,,
1415770000.96318,pg_catalog,pg_user_mapping,0,0,0,0,0,0,0,0,0,0,0,0,0,0,,,,
1415770000.96318,pg_catalog,pg_type,0,0,1292,1242,19,0,19,0,19,19,12,1317,12,2789,,,,
1415770000.96318,pg_catalog,pg_largeobject,0,0,0,0,0,0,0,0,0,0,0,0,0,0,,,,
1415770000.96318,public,lineitem,5,299930260,0,0,59986052,0,0,0,59986052,0,2480628,6220022,0,0,,,,
1415770000.96318,pg_catalog,pg_ts_config_map,0,0,0,0,0,0,0,0,0,0,0,0,0,0,,,,
1415770000.96318,pg_catalog,pg_largeobject_metadata,0,0,0,0,0,0,0,0,0,0,0,0,0,0,,,,
1415770000.96318,pg_catalog,pg_am,160,160,0,0,0,0,0,0,0,0,2,158,0,0,,,,
1415770000.96318,pg_toast,pg_toast_11722,0,0,0,0,0,0,0,0,0,0,0,0,0,0,,,,
1415770000.96318,pg_catalog,pg_ts_template,0,0,0,0,0,0,0,0,0,0,0,0,0,0,,,,
1415770000.96318,pg_catalog,pg_foreign_server,0,0,0,0,0,0,0,0,0,0,0,0,0,0,,,,
1415770000.96318,pg_catalog,pg_namespace,22,1056,1657,1541,0,0,0,0,0,0,1,1562,5,1807,,,,
1415770000.96318,pg_toast,pg_toast_2619,0,0,137,323,202,0,248,0,219,8,103,953,10,728,,,,
1415770000.96318,public,partsupp,3,24000000,0,0,8000000,0,0,0,8000000,0,340611,954509,0,0,,,,
1415770000.96318,pg_catalog,pg_authid,14,14,243,243,0,0,0,0,0,0,2,255,8,478,,,,
1415770000.96318,pg_catalog,pg_default_acl,0,0,40,0,0,0,0,0,0,0,0,0,1,39,,,,
1415770000.96318,public,time_statistics,0,0,,,1,0,0,0,1,0,1,0,,,,,,
1415770000.96318,pg_catalog,pg_shdepend,0,0,75,10,0,0,0,0,0,0,1,9,4,91,,,,
1415770000.96318,pg_catalog,pg_constraint,0,0,15,8,7,0,8,0,7,8,4,40,8,71,0,0,0,0
1415770000.96318,pg_catalog,pg_index,78,6748,1264,1605,25,0,28,0,25,28,13,1784,6,1547,,,,
1415770000.96318,pg_catalog,pg_ts_dict,0,0,0,0,0,0,0,0,0,0,0,0,0,0,,,,
1415770000.96318,pg_toast,pg_toast_2604,0,0,0,0,0,0,0,0,0,0,0,0,0,0,,,,
1415770000.96318,public,orders,4,60000000,0,0,15000000,0,0,0,15000000,0,504554,1558780,0,0,,,,
1415770000.96318,pg_toast,pg_toast_11732,0,0,0,0,0,0,0,0,0,0,0,0,0,0,,,,
1415770000.96318,pg_catalog,pg_proc,0,0,824,1194,0,0,0,0,0,0,31,1007,24,1745,0,0,0,0
1415770060.9658,pg_catalog,pg_attrdef,0,0,0,0,0,0,0,0,0,0,0,0,0,0,0,0,0,0
1415770060.9658,pg_catalog,pg_db_role_setting,0,0,596,0,0,0,0,0,0,0,0,0,2,594,0,0,0,0
1415770060.9658,pg_catalog,pg_rowsecurity,0,0,0,0,0,0,0,0,0,0,0,0,0,0,,,,
1415770060.9658,pg_catalog,pg_description,0,0,65,0,0,0,0,0,0,0,0,0,3,137,0,0,0,0
1415770060.9658,pg_catalog,pg_foreign_data_wrapper,0,0,0,0,0,0,0,0,0,0,0,0,0,0,,,,
1415770060.9658,pg_catalog,pg_conversion,0,0,0,0,0,0,0,0,0,0,0,0,0,0,,,,
1415770060.9658,information_schema,sql_features,0,0,,,0,0,0,0,0,0,0,0,,,0,0,0,0
1415770060.9658,pg_catalog,pg_class,156,33466,5190,5033,37,0,38,0,37,36,17,6667,21,10937,,,,
1415770060.9658,pg_catalog,pg_opfamily,0,0,0,0,0,0,0,0,0,0,0,0,0,0,,,,
1415770060.9658,pg_catalog,pg_auth_members,0,0,0,0,0,0,0,0,0,0,0,0,0,0,,,,
1415770060.9658,pg_catalog,pg_operator,0,0,249,332,0,0,0,0,0,0,25,281,14,595,,,,
1415770060.9658,information_schema,sql_packages,0,0,,,0,0,0,0,0,0,0,0,,,0,0,0,0
1415770060.9658,pg_catalog,pg_attribute,44,300,3604,8508,177,10,178,10,2513,298,78,4904,25,8109,,,,
1415770060.9658,pg_catalog,pg_tablespace,0,0,58,58,0,0,0,0,0,0,2,56,5,113,,,,
1415770060.9658,pg_catalog,pg_statistic,0,0,373,311,47,21,66,21,47,57,26,423,7,909,103,955,10,734
1415770060.9658,pg_catalog,pg_aggregate,0,0,11,11,0,0,0,0,0,0,1,10,2,20,,,,
1415770060.9658,pg_catalog,pg_inherits,0,0,10,0,0,0,0,0,0,0,0,0,1,9,,,,
1415770060.9658,information_schema,sql_sizing,0,0,,,0,0,0,0,0,0,0,0,,,0,0,0,0
1415770060.9658,pg_catalog,pg_enum,0,0,0,0,0,0,0,0,0,0,0,0,0,0,,,,
1415770060.9658,pg_toast,pg_toast_2396,0,0,0,0,0,0,0,0,0,0,0,0,0,0,,,,
1415770060.9658,pg_catalog,pg_pltemplate,0,0,0,0,0,0,0,0,0,0,0,0,0,0,,,,
1415770060.9658,public,region,2,10,0,0,5,0,0,0,5,0,1,3,0,0,,,,
1415770060.9658,pg_toast,pg_toast_2618,0,0,57,182,0,0,0,0,0,0,8,62,2,90,,,,
1415770060.9658,pg_toast,pg_toast_3596,0,0,0,0,0,0,0,0,0,0,0,0,0,0,,,,
1415770060.9658,public,supplier,4,400000,0,0,100000,0,0,0,100000,0,2312,15648,0,0,,,,
1415770060.9658,public,nation,2,50,0,0,25,0,0,0,25,0,1,3,0,0,,,,
1415770060.9658,pg_toast,pg_toast_11747,0,0,0,0,0,0,0,0,0,0,0,0,0,0,,,,
1415770060.9658,pg_toast,pg_toast_11727,0,0,0,0,0,0,0,0,0,0,0,0,0,0,,,,
1415770060.9658,pg_toast,pg_toast_2606,0,0,0,0,0,0,0,0,0,0,0,0,0,0,,,,
1415770060.9658,pg_toast,pg_toast_2964,0,0,0,0,0,0,0,0,0,0,0,0,0,0,,,,
1415770060.9658,pg_catalog,pg_database,36,132,551,551,0,0,0,0,0,0,0,587,8,839,,,,
1415770060.9658,information_schema,sql_parts,0,0,,,0,0,0,0,0,0,0,0,,,0,0,0,0
1415770060.9658,pg_toast,pg_toast_2620,0,0,0,0,0,0,0,0,0,0,0,0,0,0,,,,
1415770060.9658,pg_toast,pg_toast_11737,0,0,0,0,0,0,0,0,0,0,0,0,0,0,,,,
1415770060.9658,pg_catalog,pg_depend,0,0,497,534,86,0,90,0,86,90,21,883,24,1416,,,,
1415770060.9658,pg_catalog,pg_language,0,0,0,0,0,0,0,0,0,0,0,0,0,0,,,,
1415770060.9658,information_schema,sql_implementation_info,0,0,,,0,0,0,0,0,0,0,0,,,0,0,0,0
1415770060.9658,pg_catalog,pg_amproc,8,16,428,699,0,0,0,0,0,0,6,437,6,991,,,,
1415770060.9658,pg_catalog,pg_collation,0,0,0,0,0,0,0,0,0,0,0,0,0,0,,,,
1415770060.9658,pg_catalog,pg_range,0,0,0,0,0,0,0,0,0,0,0,0,0,0,,,,
1415770060.9658,pg_toast,pg_toast_2609,0,0,0,0,0,0,0,0,0,0,0,0,0,0,,,,
1415770060.9658,pg_catalog,pg_opclass,8,8,554,6155,0,0,0,0,0,0,4,2202,6,759,,,,
1415770060.9658,pg_toast,pg_toast_11752,0,0,0,0,0,0,0,0,0,0,0,0,0,0,,,,
1415770060.9658,pg_catalog,pg_rewrite,0,0,79,79,0,0,0,0,0,0,5,74,2,134,8,62,4,180
1415770060.9658,pg_toast,pg_toast_1255,0,0,0,0,0,0,0,0,0,0,0,0,0,0,,,,
1415770060.9658,pg_catalog,pg_seclabel,0,0,65,0,0,0,0,0,0,0,0,0,1,64,0,0,0,0
1415770060.9658,information_schema,sql_languages,0,0,,,0,0,0,0,0,0,0,0,,,0,0,0,0
1415770060.9658,pg_catalog,pg_ts_parser,0,0,0,0,0,0,0,0,0,0,0,0,0,0,,,,
1415770060.9658,public,customer,6,9000000,0,0,1500000,0,0,0,1500000,0,68533,294857,0,0,,,,
1415770060.9658,pg_catalog,pg_trigger,0,0,0,0,0,0,0,0,0,0,0,0,0,0,0,0,0,0
1415770060.9658,pg_catalog,pg_shseclabel,0,0,0,0,0,0,0,0,0,0,0,0,0,0,,,,
1415770060.9658,pg_catalog,pg_event_trigger,0,0,47,0,0,0,0,0,0,0,0,0,1,46,,,,
1415770060.9658,pg_toast,pg_toast_11742,0,0,0,0,0,0,0,0,0,0,0,0,0,0,,,,
1415770060.9658,pg_catalog,pg_foreign_table,0,0,0,0,0,0,0,0,0,0,0,0,0,0,,,,
1415770060.9658,information_schema,sql_sizing_profiles,0,0,,,0,0,0,0,0,0,0,0,,,0,0,0,0
1415770060.9658,pg_catalog,pg_extension,0,0,0,0,0,0,0,0,0,0,0,0,0,0,,,,
1415770060.9658,pg_catalog,pg_ts_config,0,0,0,0,0,0,0,0,0,0,0,0,0,0,,,,
1415770060.9658,pg_catalog,pg_shdescription,0,0,0,0,0,0,0,0,0,0,0,0,0,0,0,0,0,0
1415770060.9658,public,part,6,12000000,0,0,2000000,0,0,0,2000000,0,79007,327715,0,0,,,,
1415770060.9658,pg_catalog,pg_cast,0,0,2055,613,0,0,0,0,0,0,3,610,4,2145,,,,
1415770060.9658,pg_catalog,pg_amop,0,0,521,622,0,0,0,0,0,0,4,618,7,1143,,,,
1415770060.9658,pg_catalog,pg_user_mapping,0,0,0,0,0,0,0,0,0,0,0,0,0,0,,,,
1415770060.9658,pg_catalog,pg_type,0,0,1368,1318,19,0,19,0,19,19,12,1393,12,2947,,,,
1415770060.9658,pg_catalog,pg_largeobject,0,0,0,0,0,0,0,0,0,0,0,0,0,0,,,,
1415770060.9658,public,lineitem,8,479888416,0,0,59986052,0,0,0,59986052,0,4685558,7211343,0,0,,,,
1415770060.9658,pg_catalog,pg_ts_config_map,0,0,0,0,0,0,0,0,0,0,0,0,0,0,,,,
1415770060.9658,pg_catalog,pg_largeobject_metadata,0,0,0,0,0,0,0,0,0,0,0,0,0,0,,,,
1415770060.9658,pg_catalog,pg_am,168,168,0,0,0,0,0,0,0,0,2,166,0,0,,,,
1415770060.9658,pg_toast,pg_toast_11722,0,0,0,0,0,0,0,0,0,0,0,0,0,0,,,,
1415770060.9658,pg_catalog,pg_ts_template,0,0,0,0,0,0,0,0,0,0,0,0,0,0,,,,
1415770060.9658,pg_catalog,pg_foreign_server,0,0,0,0,0,0,0,0,0,0,0,0,0,0,,,,
1415770060.9658,pg_catalog,pg_namespace,24,1152,1814,1692,0,0,0,0,0,0,1,1715,5,1973,,,,
1415770060.9658,pg_toast,pg_toast_2619,0,0,139,327,202,0,248,0,219,8,103,955,10,734,,,,
1415770060.9658,public,partsupp,3,24000000,0,0,8000000,0,0,0,8000000,0,340611,954509,0,0,,,,
1415770060.9658,pg_catalog,pg_authid,15,15,253,253,0,0,0,0,0,0,2,266,8,498,,,,
1415770060.9658,pg_catalog,pg_default_acl,0,0,40,0,0,0,0,0,0,0,0,0,1,39,,,,
1415770060.9658,public,time_statistics,0,0,,,1,0,0,0,1,0,1,0,,,,,,
1415770060.9658,pg_catalog,pg_shdepend,0,0,75,10,0,0,0,0,0,0,1,9,4,91,,,,
1415770060.9658,pg_catalog,pg_constraint,0,0,16,8,8,0,8,0,8,8,4,44,8,80,0,0,0,0
1415770060.9658,pg_catalog,pg_index,83,7448,1332,1702,27,0,28,0,27,28,13,1900,6,1631,,,,
1415770060.9658,pg_catalog,pg_ts_dict,0,0,0,0,0,0,0,0,0,0,0,0,0,0,,,,
1415770060.9658,pg_toast,pg_toast_2604,0,0,0,0,0,0,0,0,0,0,0,0,0,0,,,,
1415770060.9658,public,orders,4,60000000,0,0,15000000,0,0,0,15000000,0,504554,1558780,0,0,,,,
1415770060.9658,pg_toast,pg_toast_11732,0,0,0,0,0,0,0,0,0,0,0,0,0,0,,,,
1415770060.9658,pg_catalog,pg_proc,0,0,896,1294,0,0,0,0,0,0,31,1095,24,1897,0,0,0,0
